Domain,Filename,Method,Payload_Rate,PSNR,SNR,SF_Change,Entropy_Change,Steg_Detected_Count,Verdict
ambient,nature1.wav,Sequential,1%,113.2823,82.7339,0.0004790000000000072,9.999999999177334e-07,1,SUSPICIOUS
ambient,nature1.wav,Randomized,1%,113.284,82.7356,0.0004750000000000032,9.999999999177334e-07,1,SUSPICIOUS
ambient,nature1.wav,Adaptive,1%,113.3004,82.7519,0.0004989999999999994,9.999999999177334e-07,1,SUSPICIOUS
ambient,nature1.wav,Sequential,5%,106.3358,75.7873,0.0022120000000000056,0.0,1,SUSPICIOUS
ambient,nature1.wav,Randomized,5%,106.3257,75.7772,0.0022140000000000076,9.999999999177334e-07,1,SUSPICIOUS
ambient,nature1.wav,Adaptive,5%,106.3224,75.7739,0.0022290000000000088,0.0,1,SUSPICIOUS
ambient,nature1.wav,Sequential,10%,103.3246,72.7761,0.0039970000000000006,2.0000000000575113e-06,1,SUSPICIOUS
ambient,nature1.wav,Randomized,10%,103.3184,72.7699,0.00399300000000001,1.0000000000287557e-06,1,SUSPICIOUS
ambient,nature1.wav,Adaptive,10%,103.3229,72.7745,0.003991000000000008,0.0,1,SUSPICIOUS
ambient,nature1.wav,Sequential,25%,99.3303,68.7818,0.007977000000000012,1.0000000000287557e-06,1,SUSPICIOUS
ambient,nature1.wav,Randomized,25%,99.3379,68.7895,0.007986000000000007,2.0000000000575113e-06,1,SUSPICIOUS
ambient,nature1.wav,Adaptive,25%,99.3411,68.7927,0.00796100000000001,0.0,1,SUSPICIOUS
ambient,nature1.wav,Sequential,50%,96.3312,65.7827,0.012298000000000003,3.000000000086267e-06,1,SUSPICIOUS
ambient,nature1.wav,Randomized,50%,96.3292,65.7807,0.012296000000000001,4.000000000004e-06,1,SUSPICIOUS
ambient,nature1.wav,Adaptive,50%,96.3196,65.7711,0.012310000000000001,3.000000000086267e-06,1,SUSPICIOUS
ambient,nature10.wav,Sequential,1%,113.2501,83.5771,0.00010199999999999099,0.0,1,SUSPICIOUS
ambient,nature10.wav,Randomized,1%,113.2515,83.5785,0.00010199999999999099,0.0,1,SUSPICIOUS
ambient,nature10.wav,Adaptive,1%,113.2705,83.5975,0.00010100000000000386,9.999999999177334e-07,1,SUSPICIOUS
ambient,nature10.wav,Sequential,5%,106.3153,76.6422,0.0005079999999999946,3.000000000086267e-06,1,SUSPICIOUS
ambient,nature10.wav,Randomized,5%,106.3088,76.6358,0.0005129999999999996,1.0000000000287557e-06,1,SUSPICIOUS
ambient,nature10.wav,Adaptive,5%,106.3008,76.6278,0.0005170000000000036,1.0000000000287557e-06,1,SUSPICIOUS
ambient,nature10.wav,Sequential,10%,103.3172,73.6442,0.0009590000000000015,1.0000000000287557e-06,1,SUSPICIOUS
ambient,nature10.wav,Randomized,10%,103.3185,73.6455,0.0009629999999999916,4.000000000004e-06,1,SUSPICIOUS
ambient,nature10.wav,Adaptive,10%,103.3229,73.6499,0.0009669999999999956,2.0000000000575113e-06,1,SUSPICIOUS
ambient,nature10.wav,Sequential,25%,99.3324,69.6594,0.002138000000000001,8.000000000008e-06,1,SUSPICIOUS
ambient,nature10.wav,Randomized,25%,99.3389,69.6659,0.002127000000000004,1.0000000000065512e-05,1,SUSPICIOUS
ambient,nature10.wav,Adaptive,25%,99.3395,69.6665,0.002123,7.000000000090267e-06,1,SUSPICIOUS
ambient,nature10.wav,Sequential,50%,96.3264,66.6534,0.0035560000000000036,1.7000000000044757e-05,1,SUSPICIOUS
ambient,nature10.wav,Randomized,50%,96.3264,66.6534,0.003575999999999996,1.5000000000098268e-05,1,SUSPICIOUS
ambient,nature10.wav,Adaptive,50%,96.33,66.657,0.003592999999999999,1.3000000000040757e-05,1,SUSPICIOUS
ambient,nature11.wav,Sequential,1%,113.2659,70.2451,0.00047799999999997844,0.0,2,DETECTED
ambient,nature11.wav,Randomized,1%,113.2642,70.2434,0.00046400000000001995,1.0000000000287557e-06,2,DETECTED
ambient,nature11.wav,Adaptive,1%,113.2596,70.2389,0.0004970000000000252,0.0,2,DETECTED
ambient,nature11.wav,Sequential,5%,106.2987,63.2779,0.0022479999999999722,1.999999999946489e-06,2,DETECTED
ambient,nature11.wav,Randomized,5%,106.309,63.2883,0.0021700000000000053,1.0000000000287557e-06,2,DETECTED
ambient,nature11.wav,Adaptive,5%,106.3088,63.288,0.002261000000000013,1.0000000000287557e-06,2,DETECTED
ambient,nature11.wav,Sequential,10%,103.3027,60.2819,0.004097000000000017,4.000000000004e-06,2,DETECTED
ambient,nature11.wav,Randomized,10%,103.3379,60.3171,0.004178999999999988,0.0,2,DETECTED
ambient,nature11.wav,Adaptive,10%,103.3258,60.305,0.004166000000000003,3.000000000086267e-06,2,DETECTED
ambient,nature11.wav,Sequential,25%,99.3333,56.3125,0.009039999999999992,1.1000000000094268e-05,2,DETECTED
ambient,nature11.wav,Randomized,25%,99.3311,56.3104,0.009085999999999983,1.2000000000012001e-05,2,DETECTED
ambient,nature11.wav,Adaptive,25%,99.3408,56.3201,0.008880999999999972,4.000000000004e-06,2,DETECTED
ambient,nature11.wav,Sequential,50%,96.3307,53.31,0.014817999999999998,1.2000000000012001e-05,2,DETECTED
ambient,nature11.wav,Randomized,50%,96.319,53.2982,0.014836999999999989,1.7000000000044757e-05,2,DETECTED
ambient,nature11.wav,Adaptive,50%,96.3268,53.3061,0.014732999999999996,1.900000000010227e-05,2,DETECTED
ambient,nature2.wav,Sequential,1%,113.259,66.4184,0.0006589999999999999,1.0000000000287557e-06,2,DETECTED
ambient,nature2.wav,Randomized,1%,113.2312,66.3906,0.0006700000000000039,0.0,2,DETECTED
ambient,nature2.wav,Adaptive,1%,113.2532,66.4126,0.000676000000000003,0.0,2,DETECTED
ambient,nature2.wav,Sequential,5%,106.309,59.4684,0.003054000000000001,1.0000000000287557e-06,2,DETECTED
ambient,nature2.wav,Randomized,5%,106.3057,59.4651,0.0030710000000000043,1.0000000000287557e-06,2,DETECTED
ambient,nature2.wav,Adaptive,5%,106.3221,59.4815,0.0030740000000000003,2.0000000000575113e-06,2,DETECTED
ambient,nature2.wav,Sequential,10%,103.3224,56.4818,0.00562,1.0000000000287557e-06,2,DETECTED
ambient,nature2.wav,Randomized,10%,103.3078,56.4672,0.005633000000000006,2.0000000000575113e-06,2,DETECTED
ambient,nature2.wav,Adaptive,10%,103.3135,56.4729,0.005626000000000006,2.0000000000575113e-06,2,DETECTED
ambient,nature2.wav,Sequential,25%,99.3426,52.5021,0.011746,5.000000000032756e-06,2,DETECTED
ambient,nature2.wav,Randomized,25%,99.3371,52.4965,0.011742000000000002,4.000000000004e-06,2,DETECTED
ambient,nature2.wav,Adaptive,25%,99.3432,52.5026,0.011778000000000004,2.9999999999752447e-06,2,DETECTED
ambient,nature2.wav,Sequential,50%,96.3243,49.4837,0.019191,9.000000000036756e-06,2,DETECTED
ambient,nature2.wav,Randomized,50%,96.3284,49.4878,0.019171000000000007,9.000000000036756e-06,2,DETECTED
ambient,nature2.wav,Adaptive,50%,96.3276,49.487,0.01917200000000001,5.000000000032756e-06,2,DETECTED
ambient,nature3.wav,Sequential,1%,113.2878,85.4832,0.00037199999999999733,0.0,2,DETECTED
ambient,nature3.wav,Randomized,1%,113.2529,85.4483,0.00037000000000000227,0.0,2,DETECTED
ambient,nature3.wav,Adaptive,1%,113.2786,85.474,0.0003599999999999992,0.0,2,DETECTED
ambient,nature3.wav,Sequential,5%,106.3448,78.5402,0.0016649999999999998,0.0,2,DETECTED
ambient,nature3.wav,Randomized,5%,106.3457,78.5411,0.0016559999999999978,0.0,2,DETECTED
ambient,nature3.wav,Adaptive,5%,106.3061,78.5015,0.0016740000000000019,0.0,2,DETECTED
ambient,nature3.wav,Sequential,10%,103.319,75.5143,0.003042999999999997,1.0000000000287557e-06,2,DETECTED
ambient,nature3.wav,Randomized,10%,103.3212,75.5166,0.003048000000000002,0.0,2,DETECTED
ambient,nature3.wav,Adaptive,10%,103.3141,75.5095,0.003042000000000003,0.0,2,DETECTED
ambient,nature3.wav,Sequential,25%,99.3482,71.5436,0.006151999999999998,1.0000000000287557e-06,2,DETECTED
ambient,nature3.wav,Randomized,25%,99.327,71.5224,0.006157000000000003,1.0000000000287557e-06,2,DETECTED
ambient,nature3.wav,Adaptive,25%,99.3335,71.5289,0.006169000000000001,1.0000000000287557e-06,2,DETECTED
ambient,nature3.wav,Sequential,50%,96.3285,68.5239,0.009714,2.9999999999752447e-06,2,DETECTED
ambient,nature3.wav,Randomized,50%,96.3283,68.5237,0.009730000000000003,1.0000000000287557e-06,2,DETECTED
ambient,nature3.wav,Adaptive,50%,96.328,68.5234,0.009689999999999997,1.999999999946489e-06,2,DETECTED
ambient,nature4.wav,Sequential,1%,113.242,76.8936,0.0005409999999999582,0.0,2,DETECTED
ambient,nature4.wav,Randomized,1%,113.2655,76.9171,0.0005069999999999797,1.0000000000287557e-06,2,DETECTED
ambient,nature4.wav,Adaptive,1%,113.2205,76.8721,0.0005159999999999609,1.0000000000287557e-06,2,DETECTED
ambient,nature4.wav,Sequential,5%,106.3069,69.9585,0.0023839999999999972,0.0,2,DETECTED
ambient,nature4.wav,Randomized,5%,106.3235,69.9751,0.0023639999999999772,0.0,2,DETECTED
ambient,nature4.wav,Adaptive,5%,106.3434,69.9949,0.0023070000000000035,0.0,2,DETECTED
ambient,nature4.wav,Sequential,10%,103.3182,66.9698,0.0042179999999999995,9.999999999177334e-07,2,DETECTED
ambient,nature4.wav,Randomized,10%,103.3086,66.9602,0.0041739999999999555,0.0,2,DETECTED
ambient,nature4.wav,Adaptive,10%,103.3092,66.9608,0.0041779999999999595,9.999999999177334e-07,2,DETECTED
ambient,nature4.wav,Sequential,25%,99.3357,62.9873,0.00823299999999999,1.999999999946489e-06,2,DETECTED
ambient,nature4.wav,Randomized,25%,99.3422,62.9938,0.008293999999999968,9.999999999177334e-07,2,DETECTED
ambient,nature4.wav,Adaptive,25%,99.3273,62.9789,0.00827899999999998,0.0,2,DETECTED
ambient,nature4.wav,Sequential,50%,96.3218,59.9733,0.012718000000000007,0.0,2,DETECTED
ambient,nature4.wav,Randomized,50%,96.3248,59.9764,0.01281899999999997,9.999999999177334e-07,2,DETECTED
ambient,nature4.wav,Adaptive,50%,96.3331,59.9847,0.012624999999999997,1.999999999946489e-06,2,DETECTED
ambient,nature5.wav,Sequential,1%,113.3118,84.2021,0.0002139999999999989,0.0,2,DETECTED
ambient,nature5.wav,Randomized,1%,113.3463,84.2366,0.00020799999999999985,0.0,2,DETECTED
ambient,nature5.wav,Adaptive,1%,113.3373,84.2276,0.00020899999999999738,0.0,2,DETECTED
ambient,nature5.wav,Sequential,5%,106.3153,77.2056,0.0009929999999999974,9.999999999177334e-07,2,DETECTED
ambient,nature5.wav,Randomized,5%,106.3217,77.212,0.0009969999999999979,9.999999999177334e-07,2,DETECTED
ambient,nature5.wav,Adaptive,5%,106.3183,77.2086,0.0010019999999999994,1.0000000000287557e-06,2,DETECTED
ambient,nature5.wav,Sequential,10%,103.3288,74.2191,0.0018770000000000002,1.0000000000287557e-06,2,DETECTED
ambient,nature5.wav,Randomized,10%,103.3241,74.2144,0.0018719999999999987,0.0,2,DETECTED
ambient,nature5.wav,Adaptive,10%,103.3118,74.2021,0.0018829999999999993,9.999999999177334e-07,2,DETECTED
ambient,nature5.wav,Sequential,25%,99.3487,70.239,0.004035,2.0000000000575113e-06,2,DETECTED
ambient,nature5.wav,Randomized,25%,99.3316,70.2219,0.004036999999999999,2.0000000000575113e-06,2,DETECTED
ambient,nature5.wav,Adaptive,25%,99.335,70.2253,0.004035999999999998,2.0000000000575113e-06,2,DETECTED
ambient,nature5.wav,Sequential,50%,96.3306,67.2209,0.006717999999999998,4.000000000004e-06,2,DETECTED
ambient,nature5.wav,Randomized,50%,96.3267,67.217,0.006720999999999998,5.000000000032756e-06,2,DETECTED
ambient,nature5.wav,Adaptive,50%,96.3285,67.2188,0.006734999999999998,3.000000000086267e-06,2,DETECTED
ambient,nature6.wav,Sequential,1%,113.293,68.1406,0.0006569999999999909,0.0,2,DETECTED
ambient,nature6.wav,Randomized,1%,113.246,68.0937,0.0006649999999999989,0.0,2,DETECTED
ambient,nature6.wav,Adaptive,1%,113.2959,68.1436,0.0006619999999999959,1.0000000000287557e-06,2,DETECTED
ambient,nature6.wav,Sequential,5%,106.3265,61.1742,0.0030900000000000094,0.0,2,DETECTED
ambient,nature6.wav,Randomized,5%,106.3104,61.1581,0.003064000000000011,0.0,2,DETECTED
ambient,nature6.wav,Adaptive,5%,106.3335,61.1812,0.0030870000000000064,1.0000000000287557e-06,2,DETECTED
ambient,nature6.wav,Sequential,10%,103.3032,58.1508,0.005509000000000014,0.0,2,DETECTED
ambient,nature6.wav,Randomized,10%,103.3092,58.1569,0.005506000000000011,0.0,2,DETECTED
ambient,nature6.wav,Adaptive,10%,103.3202,58.1679,0.005510000000000015,1.0000000000287557e-06,2,DETECTED
ambient,nature6.wav,Sequential,25%,99.3291,54.1768,0.010920000000000013,1.0000000000287557e-06,2,DETECTED
ambient,nature6.wav,Randomized,25%,99.3406,54.1883,0.010884000000000005,0.0,2,DETECTED
ambient,nature6.wav,Adaptive,25%,99.3363,54.184,0.010971000000000009,1.0000000000287557e-06,2,DETECTED
ambient,nature6.wav,Sequential,50%,96.3204,51.1681,0.01705100000000001,0.0,2,DETECTED
ambient,nature6.wav,Randomized,50%,96.3278,51.1755,0.016979999999999995,0.0,2,DETECTED
ambient,nature6.wav,Adaptive,50%,96.3309,51.1786,0.017029000000000016,0.0,2,DETECTED
ambient,nature7.wav,Sequential,1%,113.1504,81.024,0.0003640000000000032,9.999999999177334e-07,2,DETECTED
ambient,nature7.wav,Randomized,1%,113.1389,81.0124,0.00033700000000000396,0.0,2,DETECTED
ambient,nature7.wav,Adaptive,1%,113.1941,81.0676,0.0003070000000000017,0.0,2,DETECTED
ambient,nature7.wav,Sequential,5%,106.3357,74.2093,0.0014530000000000098,0.0,2,DETECTED
ambient,nature7.wav,Randomized,5%,106.3081,74.1816,0.001473000000000002,0.0,2,DETECTED
ambient,nature7.wav,Adaptive,5%,106.3223,74.1958,0.0014359999999999928,0.0,2,DETECTED
ambient,nature7.wav,Sequential,10%,103.324,71.1975,0.002604999999999996,9.999999999177334e-07,2,DETECTED
ambient,nature7.wav,Randomized,10%,103.3082,71.1817,0.002620000000000011,0.0,2,DETECTED
ambient,nature7.wav,Adaptive,10%,103.3069,71.1804,0.002617000000000008,0.0,2,DETECTED
ambient,nature7.wav,Sequential,25%,99.3414,67.2149,0.005124999999999991,1.999999999946489e-06,2,DETECTED
ambient,nature7.wav,Randomized,25%,99.3288,67.2023,0.005195000000000005,1.999999999946489e-06,2,DETECTED
ambient,nature7.wav,Adaptive,25%,99.3374,67.2109,0.005194000000000004,9.999999999177334e-07,2,DETECTED
ambient,nature7.wav,Sequential,50%,96.3296,64.2031,0.007940000000000003,9.999999999177334e-07,2,DETECTED
ambient,nature7.wav,Randomized,50%,96.3286,64.2021,0.00800300000000001,9.999999999177334e-07,2,DETECTED
ambient,nature7.wav,Adaptive,50%,96.3221,64.1956,0.007973000000000008,1.999999999946489e-06,2,DETECTED
ambient,nature9.wav,Sequential,1%,113.2379,89.0996,9.999999999732445e-07,0.0,1,SUSPICIOUS
ambient,nature9.wav,Randomized,1%,113.3052,89.1669,9.999999999732445e-07,0.0,1,SUSPICIOUS
ambient,nature9.wav,Adaptive,1%,113.193,89.0548,1.000000000001e-06,0.0,1,SUSPICIOUS
ambient,nature9.wav,Sequential,5%,106.3029,82.1646,3.0000000000030003e-06,0.0,1,SUSPICIOUS
ambient,nature9.wav,Randomized,5%,106.2969,82.1587,3.0000000000030003e-06,0.0,1,SUSPICIOUS
ambient,nature9.wav,Adaptive,5%,106.3245,82.1862,4.000000000004e-06,9.999999999177334e-07,1,SUSPICIOUS
ambient,nature9.wav,Sequential,10%,103.3141,79.1759,8.000000000008e-06,1.0000000000287557e-06,1,SUSPICIOUS
ambient,nature9.wav,Randomized,10%,103.2913,79.153,9.000000000009e-06,1.0000000000287557e-06,1,SUSPICIOUS
ambient,nature9.wav,Adaptive,10%,103.3232,79.185,6.0000000000060005e-06,9.999999999177334e-07,1,SUSPICIOUS
ambient,nature9.wav,Sequential,25%,99.3306,75.1924,1.3000000000013001e-05,1.0000000000287557e-06,1,SUSPICIOUS
ambient,nature9.wav,Randomized,25%,99.3469,75.2086,1.3000000000013001e-05,0.0,1,SUSPICIOUS
ambient,nature9.wav,Adaptive,25%,99.3647,75.2264,1.4000000000014001e-05,0.0,1,SUSPICIOUS
ambient,nature9.wav,Sequential,50%,96.3337,72.1954,1.8000000000018e-05,1.0000000000287557e-06,1,SUSPICIOUS
ambient,nature9.wav,Randomized,50%,96.3392,72.201,1.8000000000018e-05,0.0,1,SUSPICIOUS
ambient,nature9.wav,Adaptive,50%,96.3284,72.1901,2.2000000000022002e-05,1.0000000000287557e-06,1,SUSPICIOUS
instrumental,instrument1.wav,Sequential,1%,113.2674,98.9899,8.100000000000121e-05,9.999999999177334e-07,2,DETECTED
instrumental,instrument1.wav,Randomized,1%,113.2663,98.9887,8.500000000000174e-05,0.0,2,DETECTED
instrumental,instrument1.wav,Adaptive,1%,113.258,98.9804,8.200000000000221e-05,2.9999999999752447e-06,2,DETECTED
instrumental,instrument1.wav,Sequential,5%,106.3359,92.0583,0.0003840000000000024,3.999999999892978e-06,2,DETECTED
instrumental,instrument1.wav,Randomized,5%,106.3304,92.0528,0.00039000000000000146,3.999999999892978e-06,2,DETECTED
instrumental,instrument1.wav,Adaptive,5%,106.3205,92.0429,0.0003860000000000009,2.9999999999752447e-06,2,DETECTED
instrumental,instrument1.wav,Sequential,10%,103.3356,89.0581,0.0007080000000000003,1.1999999999900979e-05,2,DETECTED
instrumental,instrument1.wav,Randomized,10%,103.3146,89.037,0.0007090000000000013,7.999999999896978e-06,2,DETECTED
instrumental,instrument1.wav,Adaptive,10%,103.3061,89.0285,0.0007120000000000008,9.99999999995449e-06,2,DETECTED
instrumental,instrument1.wav,Sequential,25%,99.3207,85.0432,0.0013950000000000004,2.0999999999937735e-05,2,DETECTED
instrumental,instrument1.wav,Randomized,25%,99.3288,85.0513,0.0014020000000000005,2.0999999999937735e-05,2,DETECTED
instrumental,instrument1.wav,Adaptive,25%,99.3337,85.0561,0.0014030000000000015,1.0999999999983245e-05,2,DETECTED
instrumental,instrument1.wav,Sequential,50%,96.3325,82.0549,0.0021469999999999996,4.2999999999904226e-05,2,DETECTED
instrumental,instrument1.wav,Randomized,50%,96.3214,82.0438,0.0021539999999999997,3.999999999992898e-05,2,DETECTED
instrumental,instrument1.wav,Adaptive,50%,96.3217,82.0442,0.0021639999999999993,1.399999999995849e-05,2,DETECTED
instrumental,instrument10.wav,Sequential,1%,113.268,102.5992,0.00034000000000000696,1.0999999999983245e-05,2,DETECTED
instrumental,instrument10.wav,Randomized,1%,113.2705,102.6017,0.0003490000000000021,9.99999999995449e-06,2,DETECTED
instrumental,instrument10.wav,Adaptive,1%,113.2442,102.5754,0.0003459999999999991,1.0000000000287557e-06,2,DETECTED
instrumental,instrument10.wav,Sequential,5%,106.3099,95.6411,0.0015550000000000008,2.2999999999995246e-05,2,DETECTED
instrumental,instrument10.wav,Randomized,5%,106.3117,95.6428,0.0015590000000000048,2.1000000000048757e-05,2,DETECTED
instrumental,instrument10.wav,Adaptive,5%,106.3148,95.6459,0.0015480000000000077,4.000000000004e-06,2,DETECTED
instrumental,instrument10.wav,Sequential,10%,103.3119,92.6431,0.002815999999999999,4.300000000001525e-05,2,DETECTED
instrumental,instrument10.wav,Randomized,10%,103.3145,92.6457,0.002803,4.599999999999049e-05,2,DETECTED
instrumental,instrument10.wav,Adaptive,10%,103.3145,92.6457,0.002821000000000004,8.000000000008e-06,2,DETECTED
instrumental,instrument10.wav,Sequential,25%,99.3269,88.6581,0.005584000000000006,9.199999999998099e-05,2,DETECTED
instrumental,instrument10.wav,Randomized,25%,99.3287,88.6598,0.005596000000000004,9.099999999995223e-05,2,DETECTED
instrumental,instrument10.wav,Adaptive,25%,99.3368,88.6679,0.005618999999999999,2.2999999999995246e-05,2,DETECTED
instrumental,instrument10.wav,Sequential,50%,96.3298,85.661,0.008576,0.00016799999999994597,2,DETECTED
instrumental,instrument10.wav,Randomized,50%,96.326,85.6572,0.008620000000000003,0.00017400000000000748,2,DETECTED
instrumental,instrument10.wav,Adaptive,50%,96.3289,85.6601,0.008646000000000001,4.0000000000040004e-05,2,DETECTED
instrumental,instrument11.wav,Sequential,1%,113.1799,85.6463,0.0001260000000000011,1.4999999999987246e-05,1,SUSPICIOUS
instrumental,instrument11.wav,Randomized,1%,113.1947,85.6612,0.00013099999999999917,2.0999999999937735e-05,1,SUSPICIOUS
instrumental,instrument11.wav,Adaptive,1%,113.2271,85.6936,0.00013799999999999923,2.9999999999752447e-06,1,SUSPICIOUS
instrumental,instrument11.wav,Sequential,5%,106.2936,78.76,0.000615000000000001,0.00017000000000000348,1,SUSPICIOUS
instrumental,instrument11.wav,Randomized,5%,106.3297,78.7962,0.0006089999999999984,0.00017299999999997873,1,SUSPICIOUS
instrumental,instrument11.wav,Adaptive,5%,106.3265,78.793,0.0006159999999999985,4.000000000004e-06,1,SUSPICIOUS
instrumental,instrument11.wav,Sequential,10%,103.3249,75.7914,0.0011059999999999993,0.00030399999999997096,1,SUSPICIOUS
instrumental,instrument11.wav,Randomized,10%,103.3094,75.7758,0.0011210000000000005,0.00030200000000002447,1,SUSPICIOUS
instrumental,instrument11.wav,Adaptive,10%,103.2797,75.7462,0.001131,3.599999999992498e-05,1,SUSPICIOUS
instrumental,instrument11.wav,Sequential,25%,99.3342,71.8007,0.0023040000000000005,0.0008380000000000054,1,SUSPICIOUS
instrumental,instrument11.wav,Randomized,25%,99.3331,71.7995,0.002301000000000001,0.0008270000000000222,1,SUSPICIOUS
instrumental,instrument11.wav,Adaptive,25%,99.3473,71.8138,0.002305999999999999,0.00017299999999997873,1,SUSPICIOUS
instrumental,instrument11.wav,Sequential,50%,96.3285,68.795,0.003753999999999997,0.0013379999999999503,1,SUSPICIOUS
instrumental,instrument11.wav,Randomized,50%,96.3313,68.7977,0.003746999999999997,0.0013339999999999463,1,SUSPICIOUS
instrumental,instrument11.wav,Adaptive,50%,96.327,68.7935,0.003778,0.0003509999999999902,1,SUSPICIOUS
instrumental,instrument2.wav,Sequential,1%,113.1807,99.3735,1.6999999999999654e-05,1.2000000000012001e-05,1,SUSPICIOUS
instrumental,instrument2.wav,Randomized,1%,113.1406,99.3334,1.4000000000000123e-05,1.900000000010227e-05,1,SUSPICIOUS
instrumental,instrument2.wav,Adaptive,1%,113.0514,99.2441,1.7999999999997185e-05,6.999999999979245e-06,1,SUSPICIOUS
instrumental,instrument2.wav,Sequential,5%,106.2976,92.4904,7.099999999999815e-05,7.00000000000145e-05,1,SUSPICIOUS
instrumental,instrument2.wav,Randomized,5%,106.2741,92.4669,7.199999999999915e-05,5.8000000000002494e-05,1,SUSPICIOUS
instrumental,instrument2.wav,Adaptive,5%,106.3035,92.4963,7.799999999999821e-05,2.0000000000575113e-06,1,SUSPICIOUS
instrumental,instrument2.wav,Sequential,10%,103.2934,89.4861,0.0001549999999999989,0.0001180000000000625,1,SUSPICIOUS
instrumental,instrument2.wav,Randomized,10%,103.3066,89.4994,0.00014599999999999683,0.00012000000000000899,1,SUSPICIOUS
instrumental,instrument2.wav,Adaptive,10%,103.3007,89.4935,0.00014999999999999736,2.799999999991698e-05,1,SUSPICIOUS
instrumental,instrument2.wav,Sequential,25%,99.3407,85.5335,0.0003610000000000002,0.0002830000000000332,1,SUSPICIOUS
instrumental,instrument2.wav,Randomized,25%,99.3489,85.5417,0.0003709999999999998,0.00028100000000008674,1,SUSPICIOUS
instrumental,instrument2.wav,Adaptive,25%,99.3382,85.5309,0.0003610000000000002,2.2000000000077513e-05,1,SUSPICIOUS
instrumental,instrument2.wav,Sequential,50%,96.3291,82.5219,0.0006849999999999981,0.0005290000000000017,2,DETECTED
instrumental,instrument2.wav,Randomized,50%,96.33,82.5228,0.0006879999999999976,0.0004990000000000272,2,DETECTED
instrumental,instrument2.wav,Adaptive,50%,96.3274,82.5202,0.0006959999999999987,9.700000000001374e-05,1,SUSPICIOUS
instrumental,instrument3.wav,Sequential,1%,113.1783,97.0196,0.0005189999999999917,0.0,1,SUSPICIOUS
instrumental,instrument3.wav,Randomized,1%,113.2647,97.106,0.00048499999999998544,0.0,1,SUSPICIOUS
instrumental,instrument3.wav,Adaptive,1%,113.2245,97.0659,0.0005089999999999817,0.0,1,SUSPICIOUS
instrumental,instrument3.wav,Sequential,5%,106.3415,90.1828,0.00222799999999998,0.0,1,SUSPICIOUS
instrumental,instrument3.wav,Randomized,5%,106.2907,90.132,0.0022849999999999815,0.0,1,SUSPICIOUS
instrumental,instrument3.wav,Adaptive,5%,106.3112,90.1526,0.0022879999999999845,0.0,1,SUSPICIOUS
instrumental,instrument3.wav,Sequential,10%,103.319,87.1603,0.004081000000000001,0.0,1,SUSPICIOUS
instrumental,instrument3.wav,Randomized,10%,103.3312,87.1725,0.004066999999999987,0.0,1,SUSPICIOUS
instrumental,instrument3.wav,Adaptive,10%,103.3419,87.1832,0.004037999999999986,1.0000000000287557e-06,1,SUSPICIOUS
instrumental,instrument3.wav,Sequential,25%,99.3357,83.177,0.008128999999999997,0.0,1,SUSPICIOUS
instrumental,instrument3.wav,Randomized,25%,99.3369,83.1782,0.008051999999999976,0.0,1,SUSPICIOUS
instrumental,instrument3.wav,Adaptive,25%,99.3326,83.1739,0.008124999999999993,1.0000000000287557e-06,1,SUSPICIOUS
instrumental,instrument3.wav,Sequential,50%,96.3286,80.1699,0.012322,0.0,1,SUSPICIOUS
instrumental,instrument3.wav,Randomized,50%,96.3254,80.1667,0.012306999999999985,0.0,1,SUSPICIOUS
instrumental,instrument3.wav,Adaptive,50%,96.3274,80.1687,0.01242299999999999,1.0000000000287557e-06,1,SUSPICIOUS
instrumental,instrument4.wav,Sequential,1%,113.2911,96.9491,0.00043999999999999595,0.0,1,SUSPICIOUS
instrumental,instrument4.wav,Randomized,1%,113.2864,96.9443,0.00044600000000000195,0.0,1,SUSPICIOUS
instrumental,instrument4.wav,Adaptive,1%,113.315,96.973,0.0004709999999999992,0.0,1,SUSPICIOUS
instrumental,instrument4.wav,Sequential,5%,106.3141,89.972,0.0020449999999999913,0.0,1,SUSPICIOUS
instrumental,instrument4.wav,Randomized,5%,106.3119,89.9698,0.0020369999999999833,0.0,1,SUSPICIOUS
instrumental,instrument4.wav,Adaptive,5%,106.3175,89.9754,0.0020479999999999943,0.0,1,SUSPICIOUS
instrumental,instrument4.wav,Sequential,10%,103.3135,86.9714,0.003671999999999981,1.0000000000287557e-06,1,SUSPICIOUS
instrumental,instrument4.wav,Randomized,10%,103.3193,86.9772,0.003696999999999978,1.0000000000287557e-06,1,SUSPICIOUS
instrumental,instrument4.wav,Adaptive,10%,103.3015,86.9594,0.003684999999999994,0.0,1,SUSPICIOUS
instrumental,instrument4.wav,Sequential,25%,99.3402,82.9982,0.00728899999999999,0.0,1,SUSPICIOUS
instrumental,instrument4.wav,Randomized,25%,99.3437,83.0016,0.007309999999999983,0.0,1,SUSPICIOUS
instrumental,instrument4.wav,Adaptive,25%,99.3352,82.9931,0.007330999999999976,0.0,1,SUSPICIOUS
instrumental,instrument4.wav,Sequential,50%,96.3344,79.9923,0.011268,0.0,1,SUSPICIOUS
instrumental,instrument4.wav,Randomized,50%,96.328,79.9859,0.011269999999999974,0.0,1,SUSPICIOUS
instrumental,instrument4.wav,Adaptive,50%,96.3264,79.9843,0.01127499999999998,0.0,1,SUSPICIOUS
instrumental,instrument5.wav,Sequential,1%,113.2076,96.5267,6.600000000000009e-05,0.0,2,DETECTED
instrumental,instrument5.wav,Randomized,1%,113.2498,96.5689,6.400000000000156e-05,0.0,2,DETECTED
instrumental,instrument5.wav,Adaptive,1%,113.2789,96.598,6.400000000000156e-05,0.0,2,DETECTED
instrumental,instrument5.wav,Sequential,5%,106.3024,89.6216,0.0003020000000000002,1.0000000000287557e-06,2,DETECTED
instrumental,instrument5.wav,Randomized,5%,106.3133,89.6324,0.0003049999999999997,1.0000000000287557e-06,2,DETECTED
instrumental,instrument5.wav,Adaptive,5%,106.277,89.5961,0.0002930000000000016,1.0000000000287557e-06,2,DETECTED
instrumental,instrument5.wav,Sequential,10%,103.3181,86.6373,0.0005500000000000019,1.0000000000287557e-06,2,DETECTED
instrumental,instrument5.wav,Randomized,10%,103.3181,86.6372,0.0005460000000000013,1.999999999946489e-06,2,DETECTED
instrumental,instrument5.wav,Adaptive,10%,103.3138,86.6329,0.0005490000000000009,4.000000000004e-06,2,DETECTED
instrumental,instrument5.wav,Sequential,25%,99.3466,82.6657,0.0011020000000000023,2.9999999999752447e-06,2,DETECTED
instrumental,instrument5.wav,Randomized,25%,99.3235,82.6427,0.0011099999999999999,4.000000000004e-06,2,DETECTED
instrumental,instrument5.wav,Adaptive,25%,99.3329,82.652,0.0011070000000000003,0.0,2,DETECTED
instrumental,instrument5.wav,Sequential,50%,96.3276,79.6467,0.001746000000000001,4.000000000004e-06,2,DETECTED
instrumental,instrument5.wav,Randomized,50%,96.3353,79.6544,0.001746000000000001,1.0000000000287557e-06,2,DETECTED
instrumental,instrument5.wav,Adaptive,50%,96.3282,79.6473,0.0017440000000000025,4.000000000004e-06,2,DETECTED
instrumental,instrument6.wav,Sequential,1%,113.1494,92.099,0.0002970000000000021,0.0,2,DETECTED
instrumental,instrument6.wav,Randomized,1%,113.0796,92.0293,0.00032000000000000084,1.0000000000287557e-06,2,DETECTED
instrumental,instrument6.wav,Adaptive,1%,113.1188,92.0684,0.0003050000000000032,0.0,2,DETECTED
instrumental,instrument6.wav,Sequential,5%,106.3353,85.285,0.0013650000000000016,0.0,2,DETECTED
instrumental,instrument6.wav,Randomized,5%,106.2858,85.2355,0.0013860000000000018,1.0000000000287557e-06,2,DETECTED
instrumental,instrument6.wav,Adaptive,5%,106.2798,85.2294,0.001361000000000001,2.0000000000575113e-06,2,DETECTED
instrumental,instrument6.wav,Sequential,10%,103.3042,82.2538,0.002524000000000002,1.999999999946489e-06,2,DETECTED
instrumental,instrument6.wav,Randomized,10%,103.3047,82.2543,0.002530000000000001,1.0000000000287557e-06,2,DETECTED
instrumental,instrument6.wav,Adaptive,10%,103.2848,82.2344,0.0025470000000000007,1.0000000000287557e-06,2,DETECTED
instrumental,instrument6.wav,Sequential,25%,99.3301,78.2797,0.005161000000000002,2.9999999999752447e-06,2,DETECTED
instrumental,instrument6.wav,Randomized,25%,99.3214,78.271,0.005152,4.000000000004e-06,2,DETECTED
instrumental,instrument6.wav,Adaptive,25%,99.3296,78.2792,0.005132000000000001,2.9999999999752447e-06,2,DETECTED
instrumental,instrument6.wav,Sequential,50%,96.3251,75.2748,0.008246000000000003,4.999999999921734e-06,2,DETECTED
instrumental,instrument6.wav,Randomized,50%,96.328,75.2776,0.008273000000000003,4.000000000004e-06,2,DETECTED
instrumental,instrument6.wav,Adaptive,50%,96.3255,75.2751,0.008271,4.999999999921734e-06,2,DETECTED
instrumental,instrument7.wav,Sequential,1%,113.3223,89.3856,9.000000000009e-06,0.0,1,SUSPICIOUS
instrumental,instrument7.wav,Randomized,1%,113.2519,89.3152,1.2000000000012001e-05,0.0,1,SUSPICIOUS
instrumental,instrument7.wav,Adaptive,1%,113.299,89.3623,2.1000000000021002e-05,0.0,1,SUSPICIOUS
instrumental,instrument7.wav,Sequential,5%,106.3169,82.3801,8.800000000000474e-05,0.0,1,SUSPICIOUS
instrumental,instrument7.wav,Randomized,5%,106.3317,82.3949,8.299999999999974e-05,1.0000000000287557e-06,1,SUSPICIOUS
instrumental,instrument7.wav,Adaptive,5%,106.3163,82.3796,0.00010300000000001974,1.0000000000287557e-06,1,SUSPICIOUS
instrumental,instrument7.wav,Sequential,10%,103.3241,79.3874,0.00017500000000000848,1.0000000000287557e-06,1,SUSPICIOUS
instrumental,instrument7.wav,Randomized,10%,103.3164,79.3797,0.00017600000000000948,0.0,1,SUSPICIOUS
instrumental,instrument7.wav,Adaptive,10%,103.3271,79.3904,0.00020700000000001273,1.0000000000287557e-06,1,SUSPICIOUS
instrumental,instrument7.wav,Sequential,25%,99.3404,75.4037,0.0004679999999999962,0.0,1,SUSPICIOUS
instrumental,instrument7.wav,Randomized,25%,99.3353,75.3986,0.0004330000000000167,0.0,1,SUSPICIOUS
instrumental,instrument7.wav,Adaptive,25%,99.3341,75.3974,0.0004709999999999992,1.0000000000287557e-06,1,SUSPICIOUS
instrumental,instrument7.wav,Sequential,50%,96.326,72.3893,0.0009139999999999981,1.0000000000287557e-06,1,SUSPICIOUS
instrumental,instrument7.wav,Randomized,50%,96.3307,72.394,0.0009139999999999981,1.0000000000287557e-06,1,SUSPICIOUS
instrumental,instrument7.wav,Adaptive,50%,96.3287,72.3919,0.0009149999999999991,1.999999999946489e-06,1,SUSPICIOUS
instrumental,instrument8.wav,Sequential,1%,113.2458,93.4481,0.00043799999999999395,3.799999999998249e-05,1,SUSPICIOUS
instrumental,instrument8.wav,Randomized,1%,113.3,93.5023,0.00043799999999999395,3.100000000000325e-05,1,SUSPICIOUS
instrumental,instrument8.wav,Adaptive,1%,113.2568,93.4591,0.0004709999999999992,1.0999999999983245e-05,1,SUSPICIOUS
instrumental,instrument8.wav,Sequential,5%,106.3024,86.5047,0.002033000000000007,0.00014199999999997548,1,SUSPICIOUS
instrumental,instrument8.wav,Randomized,5%,106.3242,86.5265,0.0020140000000000158,0.00016099999999996673,1,SUSPICIOUS
instrumental,instrument8.wav,Adaptive,5%,106.3157,86.518,0.002156000000000019,2.4999999999941735e-05,1,SUSPICIOUS
instrumental,instrument8.wav,Sequential,10%,103.3215,83.5238,0.0036770000000000136,0.00029199999999995896,1,SUSPICIOUS
instrumental,instrument8.wav,Randomized,10%,103.3063,83.5086,0.003697000000000006,0.00031000000000003247,1,SUSPICIOUS
instrumental,instrument8.wav,Adaptive,10%,103.3105,83.5128,0.003728000000000009,0.0001020000000000465,1,SUSPICIOUS
instrumental,instrument8.wav,Sequential,25%,99.3338,79.5361,0.0072500000000000064,0.0007179999999999964,1,SUSPICIOUS
instrumental,instrument8.wav,Randomized,25%,99.3344,79.5367,0.007282000000000011,0.0006939999999999724,1,SUSPICIOUS
instrumental,instrument8.wav,Adaptive,25%,99.3342,79.5365,0.007341000000000014,0.000264000000000042,1,SUSPICIOUS
instrumental,instrument8.wav,Sequential,50%,96.3251,76.5274,0.01103800000000002,0.0012410000000000476,2,DETECTED
instrumental,instrument8.wav,Randomized,50%,96.3331,76.5354,0.011016999999999999,0.0012590000000000101,2,DETECTED
instrumental,instrument8.wav,Adaptive,50%,96.3259,76.5282,0.011186000000000001,0.0005579999999999474,1,SUSPICIOUS
instrumental,instrument9.wav,Sequential,1%,113.2948,99.9776,0.0004299999999999998,1.999999999946489e-06,1,SUSPICIOUS
instrumental,instrument9.wav,Randomized,1%,113.228,99.9108,0.00043400000000000383,0.0,1,SUSPICIOUS
instrumental,instrument9.wav,Adaptive,1%,113.2403,99.9232,0.0004260000000000097,2.9999999999752447e-06,1,SUSPICIOUS
instrumental,instrument9.wav,Sequential,5%,106.3015,92.9844,0.0019810000000000105,3.2000000000032e-05,2,DETECTED
instrumental,instrument9.wav,Randomized,5%,106.332,93.0148,0.0019699999999999995,2.9000000000056758e-05,2,DETECTED
instrumental,instrument9.wav,Adaptive,5%,106.2889,92.9717,0.0019530000000000103,6.000000000061512e-06,1,SUSPICIOUS
instrumental,instrument9.wav,Sequential,10%,103.3318,90.0147,0.003491000000000008,6.20000000000065e-05,2,DETECTED
instrumental,instrument9.wav,Randomized,10%,103.3122,89.995,0.0035190000000000082,6.899999999998574e-05,2,DETECTED
instrumental,instrument9.wav,Adaptive,10%,103.3395,90.0224,0.003500000000000003,1.0000000000287557e-06,1,SUSPICIOUS
instrumental,instrument9.wav,Sequential,25%,99.3276,86.0104,0.006974999999999995,0.0001180000000000625,2,DETECTED
instrumental,instrument9.wav,Randomized,25%,99.3298,86.0127,0.006939000000000015,0.000124000000000013,2,DETECTED
instrumental,instrument9.wav,Adaptive,25%,99.335,86.0178,0.006933000000000009,2.4000000000024002e-05,2,DETECTED
instrumental,instrument9.wav,Sequential,50%,96.3295,83.0123,0.010591000000000003,0.00023099999999998122,2,DETECTED
instrumental,instrument9.wav,Randomized,50%,96.3288,83.0116,0.010648000000000005,0.00023700000000004273,2,DETECTED
instrumental,instrument9.wav,Adaptive,50%,96.3209,83.0037,0.010735000000000008,7.00000000000145e-05,2,DETECTED
short_voice,shortvoice1.wav,Sequential,1%,112.7502,94.885,0.00026500000000000135,8.000000000008e-06,1,SUSPICIOUS
short_voice,shortvoice1.wav,Randomized,1%,112.7973,94.9321,0.00027800000000000047,1.0999999999983245e-05,1,SUSPICIOUS
short_voice,shortvoice1.wav,Adaptive,1%,112.8067,94.9415,0.00028800000000000353,5.000000000032756e-06,1,SUSPICIOUS
short_voice,shortvoice1.wav,Sequential,5%,106.2673,88.4021,0.001244000000000002,1.799999999996249e-05,1,SUSPICIOUS
short_voice,shortvoice1.wav,Randomized,5%,106.1347,88.2695,0.0012570000000000012,3.500000000000725e-05,2,DETECTED
short_voice,shortvoice1.wav,Adaptive,5%,106.2767,88.4115,0.0011410000000000031,4.000000000004e-06,1,SUSPICIOUS
short_voice,shortvoice1.wav,Sequential,10%,103.236,85.3708,0.0021930000000000005,2.6999999999999247e-05,2,DETECTED
short_voice,shortvoice1.wav,Randomized,10%,103.2696,85.4044,0.002147999999999997,3.900000000001125e-05,2,DETECTED
short_voice,shortvoice1.wav,Adaptive,10%,103.2606,85.3954,0.0021870000000000014,1.6000000000016e-05,1,SUSPICIOUS
short_voice,shortvoice1.wav,Sequential,25%,99.323,81.4578,0.004385,0.00011799999999995148,2,DETECTED
short_voice,shortvoice1.wav,Randomized,25%,99.3213,81.4561,0.00442,0.00017100000000003224,2,DETECTED
short_voice,shortvoice1.wav,Adaptive,25%,99.2748,81.4096,0.004500999999999998,9.599999999998499e-05,2,DETECTED
short_voice,shortvoice1.wav,Sequential,50%,96.3388,78.4736,0.007046000000000004,0.0002550000000000052,2,DETECTED
short_voice,shortvoice1.wav,Randomized,50%,96.3273,78.4621,0.007120000000000001,0.00015799999999999148,2,DETECTED
short_voice,shortvoice1.wav,Adaptive,50%,96.3334,78.4682,0.007060999999999998,0.00012100000000003774,2,DETECTED
short_voice,shortvoice10.wav,Sequential,1%,112.9079,92.9442,0.00017799999999998373,1.999999999946489e-06,1,SUSPICIOUS
short_voice,shortvoice10.wav,Randomized,1%,113.1134,93.1497,0.00017799999999998373,2.9999999999752447e-06,1,SUSPICIOUS
short_voice,shortvoice10.wav,Adaptive,1%,112.752,92.7883,0.00012599999999998723,1.0000000000287557e-06,1,SUSPICIOUS
short_voice,shortvoice10.wav,Sequential,5%,106.2486,86.2848,0.0006249999999999867,4.000000000004e-06,1,SUSPICIOUS
short_voice,shortvoice10.wav,Randomized,5%,106.2357,86.2719,0.0005659999999999832,2.9999999999752447e-06,1,SUSPICIOUS
short_voice,shortvoice10.wav,Adaptive,5%,106.2622,86.2984,0.0006289999999999907,1.0000000000287557e-06,1,SUSPICIOUS
short_voice,shortvoice10.wav,Sequential,10%,103.2906,83.3269,0.0011499999999999844,2.9999999999752447e-06,1,SUSPICIOUS
short_voice,shortvoice10.wav,Randomized,10%,103.274,83.3102,0.0011919999999999986,1.0000000000287557e-06,1,SUSPICIOUS
short_voice,shortvoice10.wav,Adaptive,10%,103.3132,83.3495,0.0012280000000000069,4.000000000004e-06,1,SUSPICIOUS
short_voice,shortvoice10.wav,Sequential,25%,99.3311,79.3673,0.003145000000000009,2.9999999999752447e-06,1,SUSPICIOUS
short_voice,shortvoice10.wav,Randomized,25%,99.3245,79.3608,0.003118999999999983,6.999999999979245e-06,1,SUSPICIOUS
short_voice,shortvoice10.wav,Adaptive,25%,99.3331,79.3693,0.0032889999999999864,2.9999999999752447e-06,1,SUSPICIOUS
short_voice,shortvoice10.wav,Sequential,50%,96.3031,76.3394,0.006089999999999984,2.0000000000575113e-06,2,DETECTED
short_voice,shortvoice10.wav,Randomized,50%,96.3152,76.3515,0.006147999999999987,2.0000000000020002e-05,2,DETECTED
short_voice,shortvoice10.wav,Adaptive,50%,96.2942,76.3304,0.006203999999999987,4.000000000004e-06,1,SUSPICIOUS
short_voice,shortvoice11.wav,Sequential,1%,112.8785,93.8302,2.000000000002e-06,2.0000000000575113e-06,1,SUSPICIOUS
short_voice,shortvoice11.wav,Randomized,1%,113.0301,93.9818,5.0000000000050004e-06,1.0000000000287557e-06,1,SUSPICIOUS
short_voice,shortvoice11.wav,Adaptive,1%,112.8602,93.812,5.999999999978245e-06,0.0,1,SUSPICIOUS
short_voice,shortvoice11.wav,Sequential,5%,106.2494,87.2012,3.400000000000625e-05,4.000000000004e-06,1,SUSPICIOUS
short_voice,shortvoice11.wav,Randomized,5%,106.2093,87.161,6.0000000000060005e-06,9.999999999177334e-07,1,SUSPICIOUS
short_voice,shortvoice11.wav,Adaptive,5%,106.27,87.2217,6.0000000000004494e-05,4.000000000004e-06,1,SUSPICIOUS
short_voice,shortvoice11.wav,Sequential,10%,103.2866,84.2384,0.000133000000000022,9.999999999177334e-07,1,SUSPICIOUS
short_voice,shortvoice11.wav,Randomized,10%,103.2853,84.237,0.000124000000000013,4.999999999921734e-06,1,SUSPICIOUS
short_voice,shortvoice11.wav,Adaptive,10%,103.255,84.2067,0.000126000000000015,0.0,1,SUSPICIOUS
short_voice,shortvoice11.wav,Sequential,25%,99.301,80.2528,0.0004200000000000037,4.000000000004e-06,1,SUSPICIOUS
short_voice,shortvoice11.wav,Randomized,25%,99.3414,80.2931,0.0003599999999999992,0.0,1,SUSPICIOUS
short_voice,shortvoice11.wav,Adaptive,25%,99.2956,80.2473,0.0003589999999999982,5.000000000032756e-06,1,SUSPICIOUS
short_voice,shortvoice11.wav,Sequential,50%,96.308,77.2597,0.0009820000000000106,5.999999999950489e-06,2,DETECTED
short_voice,shortvoice11.wav,Randomized,50%,96.3353,77.287,0.0010910000000000086,9.99999999995449e-06,1,SUSPICIOUS
short_voice,shortvoice11.wav,Adaptive,50%,96.3334,77.2852,0.0011339999999999961,8.000000000008e-06,1,SUSPICIOUS
short_voice,shortvoice2.wav,Sequential,1%,112.2864,93.1253,0.00043299999999998895,8.999999999925734e-06,1,SUSPICIOUS
short_voice,shortvoice2.wav,Randomized,1%,112.3352,93.1741,0.0005300000000000027,9.999999999177334e-07,1,SUSPICIOUS
short_voice,shortvoice2.wav,Adaptive,1%,112.1983,93.0372,0.0004589999999999872,1.999999999946489e-06,1,SUSPICIOUS
short_voice,shortvoice2.wav,Sequential,5%,106.0125,86.8514,0.001580999999999999,6.000000000061512e-06,1,SUSPICIOUS
short_voice,shortvoice2.wav,Randomized,5%,105.9707,86.8096,0.001696000000000003,4.999999999921734e-06,1,SUSPICIOUS
short_voice,shortvoice2.wav,Adaptive,5%,106.0624,86.9012,0.0015429999999999888,6.000000000061512e-06,1,SUSPICIOUS
short_voice,shortvoice2.wav,Sequential,10%,103.1556,83.9944,0.0029639999999999944,7.000000000090267e-06,1,SUSPICIOUS
short_voice,shortvoice2.wav,Randomized,10%,103.1417,83.9806,0.0028890000000000027,8.000000000008e-06,1,SUSPICIOUS
short_voice,shortvoice2.wav,Adaptive,10%,103.2737,84.1126,0.0029770000000000074,1.4000000000069512e-05,1,SUSPICIOUS
short_voice,shortvoice2.wav,Sequential,25%,99.2628,80.1016,0.006016999999999995,2.0000000000575113e-06,1,SUSPICIOUS
short_voice,shortvoice2.wav,Randomized,25%,99.2907,80.1295,0.006033000000000011,1.6999999999933735e-05,1,SUSPICIOUS
short_voice,shortvoice2.wav,Adaptive,25%,99.2858,80.1247,0.005641000000000007,1.1000000000094268e-05,1,SUSPICIOUS
short_voice,shortvoice2.wav,Sequential,50%,96.2632,77.102,0.009198000000000012,1.599999999990498e-05,1,SUSPICIOUS
short_voice,shortvoice2.wav,Randomized,50%,96.3191,77.158,0.009133000000000002,7.000000000090267e-06,1,SUSPICIOUS
short_voice,shortvoice2.wav,Adaptive,50%,96.3431,77.182,0.009089999999999987,1.2000000000012001e-05,1,SUSPICIOUS
short_voice,shortvoice3.wav,Sequential,1%,112.7887,94.1139,0.00027299999999999547,4.000000000004e-06,1,SUSPICIOUS
short_voice,shortvoice3.wav,Randomized,1%,112.9825,94.3078,0.00031899999999999984,1.0000000000287557e-06,1,SUSPICIOUS
short_voice,shortvoice3.wav,Adaptive,1%,113.0247,94.35,0.00027399999999999647,2.9999999999752447e-06,1,SUSPICIOUS
short_voice,shortvoice3.wav,Sequential,5%,106.2634,87.5887,0.0012500000000000011,2.9999999999752447e-06,1,SUSPICIOUS
short_voice,shortvoice3.wav,Randomized,5%,106.1528,87.4781,0.0012429999999999941,3.000000000086267e-06,1,SUSPICIOUS
short_voice,shortvoice3.wav,Adaptive,5%,106.1942,87.5195,0.0011329999999999951,5.999999999950489e-06,1,SUSPICIOUS
short_voice,shortvoice3.wav,Sequential,10%,103.2641,84.5894,0.002126000000000003,2.9999999999752447e-06,1,SUSPICIOUS
short_voice,shortvoice3.wav,Randomized,10%,103.2454,84.5707,0.002149999999999999,1.4999999999987246e-05,1,SUSPICIOUS
short_voice,shortvoice3.wav,Adaptive,10%,103.2714,84.5967,0.0020489999999999953,1.6999999999933735e-05,1,SUSPICIOUS
short_voice,shortvoice3.wav,Sequential,25%,99.3202,80.6455,0.004192000000000001,3.000000000086267e-06,1,SUSPICIOUS
short_voice,shortvoice3.wav,Randomized,25%,99.3007,80.626,0.004240999999999995,9.999999999177334e-07,1,SUSPICIOUS
short_voice,shortvoice3.wav,Adaptive,25%,99.3396,80.6649,0.00419499999999999,2.9999999999752447e-06,1,SUSPICIOUS
short_voice,shortvoice3.wav,Sequential,50%,96.3306,77.6559,0.006488999999999995,2.799999999991698e-05,2,DETECTED
short_voice,shortvoice3.wav,Randomized,50%,96.3363,77.6616,0.006414000000000003,1.8999999999991246e-05,2,DETECTED
short_voice,shortvoice3.wav,Adaptive,50%,96.3288,77.6541,0.006365999999999997,2.399999999991298e-05,1,SUSPICIOUS
short_voice,shortvoice4.wav,Sequential,1%,112.4412,96.4171,0.00027099999999999347,9.999999999177334e-07,2,DETECTED
short_voice,shortvoice4.wav,Randomized,1%,111.9289,95.9048,0.0003519999999999912,2.0000000000575113e-06,2,DETECTED
short_voice,shortvoice4.wav,Adaptive,1%,112.3594,96.3353,0.00033500000000000196,8.000000000008e-06,2,DETECTED
short_voice,shortvoice4.wav,Sequential,5%,106.1359,90.1118,0.0011829999999999896,1.0000000000065512e-05,2,DETECTED
short_voice,shortvoice4.wav,Randomized,5%,106.0799,90.0558,0.0012649999999999884,9.999999999177334e-07,2,DETECTED
short_voice,shortvoice4.wav,Adaptive,5%,106.0815,90.0574,0.0013279999999999959,2.0000000000575113e-06,2,DETECTED
short_voice,shortvoice4.wav,Sequential,10%,103.2416,87.2175,0.0021059999999999968,1.8999999999991246e-05,2,DETECTED
short_voice,shortvoice4.wav,Randomized,10%,103.1644,87.1404,0.0020959999999999868,1.8999999999991246e-05,2,DETECTED
short_voice,shortvoice4.wav,Adaptive,10%,103.2473,87.2233,0.0021130000000000038,1.999999999946489e-06,2,DETECTED
short_voice,shortvoice4.wav,Sequential,25%,99.3024,83.2783,0.004398999999999986,1.7000000000044757e-05,2,DETECTED
short_voice,shortvoice4.wav,Randomized,25%,99.3218,83.2977,0.004200000000000009,1.6000000000016e-05,2,DETECTED
short_voice,shortvoice4.wav,Adaptive,25%,99.3151,83.291,0.00415299999999999,1.8000000000073513e-05,2,DETECTED
short_voice,shortvoice4.wav,Sequential,50%,96.3449,80.3208,0.006827,2.5000000000052758e-05,2,DETECTED
short_voice,shortvoice4.wav,Randomized,50%,96.333,80.309,0.0066849999999999965,2.6000000000081513e-05,2,DETECTED
short_voice,shortvoice4.wav,Adaptive,50%,96.3077,80.2836,0.006836000000000009,2.5000000000052758e-05,2,DETECTED
short_voice,shortvoice5.wav,Sequential,1%,109.082,91.9833,0.0005510000000000029,0.00039599999999995195,1,SUSPICIOUS
short_voice,shortvoice5.wav,Randomized,1%,108.6702,91.5715,0.0005980000000000013,9.700000000001374e-05,1,SUSPICIOUS
short_voice,shortvoice5.wav,Adaptive,1%,108.5278,91.4291,0.00044700000000000295,0.0002460000000000795,1,SUSPICIOUS
short_voice,shortvoice5.wav,Sequential,5%,105.2648,88.1661,0.0010959999999999998,9.700000000001374e-05,1,SUSPICIOUS
short_voice,shortvoice5.wav,Randomized,5%,105.2648,88.1661,0.0010770000000000016,0.0,1,SUSPICIOUS
short_voice,shortvoice5.wav,Adaptive,5%,105.4381,88.3395,0.0010690000000000005,6.499999999998174e-05,1,SUSPICIOUS
short_voice,shortvoice5.wav,Sequential,10%,102.6703,85.5716,0.0015620000000000009,0.0007739999999999414,1,SUSPICIOUS
short_voice,shortvoice5.wav,Randomized,10%,102.6444,85.5457,0.0016370000000000065,0.0011059999999999404,1,SUSPICIOUS
short_voice,shortvoice5.wav,Adaptive,10%,102.5474,85.4487,0.0018579999999999985,0.0005319999999999769,1,SUSPICIOUS
short_voice,shortvoice5.wav,Sequential,25%,98.9965,81.8978,0.003046000000000007,0.0016619999999999413,1,SUSPICIOUS
short_voice,shortvoice5.wav,Randomized,25%,98.9965,81.8978,0.0029630000000000073,0.0011489999999999556,1,SUSPICIOUS
short_voice,shortvoice5.wav,Adaptive,25%,99.0729,81.9743,0.0032159999999999966,0.0006249999999999867,1,SUSPICIOUS
short_voice,shortvoice5.wav,Sequential,50%,96.2339,79.1352,0.004709000000000005,0.003483000000000014,1,SUSPICIOUS
short_voice,shortvoice5.wav,Randomized,50%,96.3173,79.2186,0.004339999999999997,0.0022999999999999687,2,DETECTED
short_voice,shortvoice5.wav,Adaptive,50%,96.2045,79.1058,0.004503000000000007,0.0020759999999999668,1,SUSPICIOUS
short_voice,shortvoice6.wav,Sequential,1%,112.2337,93.2703,0.0003080000000000027,5.000000000032756e-06,1,SUSPICIOUS
short_voice,shortvoice6.wav,Randomized,1%,112.4771,93.5137,0.00026599999999998847,5.000000000032756e-06,1,SUSPICIOUS
short_voice,shortvoice6.wav,Adaptive,1%,112.2337,93.2703,0.00048499999999998544,6.999999999979245e-06,1,SUSPICIOUS
short_voice,shortvoice6.wav,Sequential,5%,105.8655,86.902,0.0017409999999999926,1.2000000000012001e-05,1,SUSPICIOUS
short_voice,shortvoice6.wav,Randomized,5%,106.0654,87.102,0.0016229999999999856,5.000000000032756e-06,1,SUSPICIOUS
short_voice,shortvoice6.wav,Adaptive,5%,106.0281,87.0647,0.001570999999999989,2.8000000000028002e-05,1,SUSPICIOUS
short_voice,shortvoice6.wav,Sequential,10%,103.1642,84.2008,0.00289399999999998,2.9000000000056758e-05,1,SUSPICIOUS
short_voice,shortvoice6.wav,Randomized,10%,103.2267,84.2633,0.002944000000000002,9.99999999995449e-06,1,SUSPICIOUS
short_voice,shortvoice6.wav,Adaptive,10%,103.1654,84.202,0.0030649999999999844,2.599999999997049e-05,1,SUSPICIOUS
short_voice,shortvoice6.wav,Sequential,25%,99.2339,80.2704,0.005501000000000006,5.999999999950489e-06,1,SUSPICIOUS
short_voice,shortvoice6.wav,Randomized,25%,99.2959,80.3325,0.005461999999999995,9.000000000036756e-06,1,SUSPICIOUS
short_voice,shortvoice6.wav,Adaptive,25%,99.3298,80.3664,0.005508999999999986,1.7000000000044757e-05,1,SUSPICIOUS
short_voice,shortvoice6.wav,Sequential,50%,96.331,77.3676,0.008316999999999991,2.0000000000575113e-06,1,SUSPICIOUS
short_voice,shortvoice6.wav,Randomized,50%,96.2856,77.3222,0.008461999999999997,1.2000000000012001e-05,1,SUSPICIOUS
short_voice,shortvoice6.wav,Adaptive,50%,96.2937,77.3303,0.008445999999999981,9.000000000036756e-06,1,SUSPICIOUS
short_voice,shortvoice7.wav,Sequential,1%,112.9205,74.6065,0.00015699999999999742,2.0000000000020002e-05,1,SUSPICIOUS
short_voice,shortvoice7.wav,Randomized,1%,112.8978,74.5838,0.00018599999999999867,1.0000000000065512e-05,1,SUSPICIOUS
short_voice,shortvoice7.wav,Adaptive,1%,113.0025,74.6885,0.00016800000000000148,2.6999999999999247e-05,1,SUSPICIOUS
short_voice,shortvoice7.wav,Sequential,5%,106.2022,67.8882,0.000787000000000003,6.499999999998174e-05,1,SUSPICIOUS
short_voice,shortvoice7.wav,Randomized,5%,106.2572,67.9432,0.000792000000000001,0.00010100000000001774,1,SUSPICIOUS
short_voice,shortvoice7.wav,Adaptive,5%,106.187,67.873,0.0007730000000000029,0.00016399999999994197,1,SUSPICIOUS
short_voice,shortvoice7.wav,Sequential,10%,103.2813,64.9674,0.0014339999999999978,0.000132000000000021,1,SUSPICIOUS
short_voice,shortvoice7.wav,Randomized,10%,103.2525,64.9385,0.0014759999999999981,9.80000000000425e-05,1,SUSPICIOUS
short_voice,shortvoice7.wav,Adaptive,10%,103.2888,64.9748,0.00145,0.00037799999999998946,1,SUSPICIOUS
short_voice,shortvoice7.wav,Sequential,25%,99.3287,61.0147,0.003269000000000001,0.00032799999999999496,2,DETECTED
short_voice,shortvoice7.wav,Randomized,25%,99.3506,61.0367,0.0033320000000000016,0.0003500000000000725,2,DETECTED
short_voice,shortvoice7.wav,Adaptive,25%,99.3034,60.9894,0.0032169999999999976,0.0008739999999999304,1,SUSPICIOUS
short_voice,shortvoice7.wav,Sequential,50%,96.3182,58.0042,0.005656000000000001,0.0005490000000000217,2,DETECTED
short_voice,shortvoice7.wav,Randomized,50%,96.3461,58.0321,0.005643999999999996,0.0005620000000000624,2,DETECTED
short_voice,shortvoice7.wav,Adaptive,50%,96.3049,57.991,0.005628000000000001,0.0007079999999999309,1,SUSPICIOUS
short_voice,shortvoice8.wav,Sequential,1%,113.0967,93.0495,0.0,1.999999999946489e-06,1,SUSPICIOUS
short_voice,shortvoice8.wav,Randomized,1%,113.0997,93.0525,0.0,1.0000000000287557e-06,1,SUSPICIOUS
short_voice,shortvoice8.wav,Adaptive,1%,112.9732,92.9259,1.000000000001e-06,1.0000000000287557e-06,1,SUSPICIOUS
short_voice,shortvoice8.wav,Sequential,5%,106.2589,86.2117,5.0000000000050004e-06,1.4000000000069512e-05,1,SUSPICIOUS
short_voice,shortvoice8.wav,Randomized,5%,106.2422,86.195,0.0,4.000000000004e-06,1,SUSPICIOUS
short_voice,shortvoice8.wav,Adaptive,5%,106.262,86.2147,2.000000000002e-06,0.0,1,SUSPICIOUS
short_voice,shortvoice8.wav,Sequential,10%,103.2987,83.2514,3.0000000000030003e-06,1.8999999999991246e-05,1,SUSPICIOUS
short_voice,shortvoice8.wav,Randomized,10%,103.2868,83.2395,4.000000000004e-06,1.4999999999987246e-05,1,SUSPICIOUS
short_voice,shortvoice8.wav,Adaptive,10%,103.2353,83.1881,0.0,8.000000000008e-06,1,SUSPICIOUS
short_voice,shortvoice8.wav,Sequential,25%,99.3161,79.2688,0.0,2.5000000000052758e-05,1,SUSPICIOUS
short_voice,shortvoice8.wav,Randomized,25%,99.3048,79.2576,5.0000000000050004e-06,3.100000000000325e-05,1,SUSPICIOUS
short_voice,shortvoice8.wav,Adaptive,25%,99.3018,79.2546,2.000000000002e-06,2.8000000000028002e-05,1,SUSPICIOUS
short_voice,shortvoice8.wav,Sequential,50%,96.3142,76.267,2.2999999999995246e-05,4.4000000000044004e-05,1,SUSPICIOUS
short_voice,shortvoice8.wav,Randomized,50%,96.3062,76.259,1.4000000000014001e-05,3.500000000000725e-05,1,SUSPICIOUS
short_voice,shortvoice8.wav,Adaptive,50%,96.3101,76.2629,2.1999999999994246e-05,3.700000000006476e-05,1,SUSPICIOUS
short_voice,shortvoice9.wav,Sequential,1%,112.6717,91.9398,0.0003389999999999782,2.9999999999752447e-06,1,SUSPICIOUS
short_voice,shortvoice9.wav,Randomized,1%,112.5974,91.8655,0.0003939999999999777,2.6999999999999247e-05,1,SUSPICIOUS
short_voice,shortvoice9.wav,Adaptive,1%,112.6592,91.9273,0.0004159999999999997,0.0,1,SUSPICIOUS
short_voice,shortvoice9.wav,Sequential,5%,106.2024,85.4706,0.0018340000000000023,0.0001020000000000465,1,SUSPICIOUS
short_voice,shortvoice9.wav,Randomized,5%,106.209,85.4771,0.001893999999999979,0.000152000000000041,1,SUSPICIOUS
short_voice,shortvoice9.wav,Adaptive,5%,106.1725,85.4406,0.0017490000000000006,1.999999999946489e-06,1,SUSPICIOUS
short_voice,shortvoice9.wav,Sequential,10%,103.2503,82.5184,0.0031989999999999796,0.00029199999999995896,1,SUSPICIOUS
short_voice,shortvoice9.wav,Randomized,10%,103.2584,82.5265,0.0032119999999999926,0.00022500000000003073,1,SUSPICIOUS
short_voice,shortvoice9.wav,Adaptive,10%,103.1992,82.4673,0.003261999999999987,7.40000000000185e-05,1,SUSPICIOUS
short_voice,shortvoice9.wav,Sequential,25%,99.2734,78.5416,0.006264999999999993,0.0004210000000000047,1,SUSPICIOUS
short_voice,shortvoice9.wav,Randomized,25%,99.3004,78.5685,0.006422999999999984,0.0004899999999999904,1,SUSPICIOUS
short_voice,shortvoice9.wav,Adaptive,25%,99.3057,78.5739,0.006409999999999999,0.00019000000000002348,1,SUSPICIOUS
short_voice,shortvoice9.wav,Sequential,50%,96.3324,75.6005,0.009718999999999978,0.0007820000000000604,1,SUSPICIOUS
short_voice,shortvoice9.wav,Randomized,50%,96.3189,75.587,0.00991599999999998,0.0007550000000000612,1,SUSPICIOUS
short_voice,shortvoice9.wav,Adaptive,50%,96.2895,75.5576,0.010013999999999995,0.00038599999999999746,1,SUSPICIOUS
speech,speech1.wav,Sequential,1%,113.277,86.6197,0.0001880000000000076,0.0,1,SUSPICIOUS
speech,speech1.wav,Randomized,1%,113.2781,86.6209,0.00019500000000000073,0.0,1,SUSPICIOUS
speech,speech1.wav,Adaptive,1%,113.3264,86.6692,0.0001830000000000026,0.0,1,SUSPICIOUS
speech,speech1.wav,Sequential,5%,106.3328,79.6756,0.0008680000000000077,0.0,1,SUSPICIOUS
speech,speech1.wav,Randomized,5%,106.3136,79.6563,0.0008760000000000018,1.0000000000287557e-06,1,SUSPICIOUS
speech,speech1.wav,Adaptive,5%,106.3291,79.6719,0.0008550000000000085,9.999999999177334e-07,1,SUSPICIOUS
speech,speech1.wav,Sequential,10%,103.3109,76.6536,0.0016080000000000122,1.0000000000287557e-06,1,SUSPICIOUS
speech,speech1.wav,Randomized,10%,103.3144,76.6572,0.0016110000000000013,1.0000000000287557e-06,1,SUSPICIOUS
speech,speech1.wav,Adaptive,10%,103.3131,76.6559,0.0016000000000000042,0.0,1,SUSPICIOUS
speech,speech1.wav,Sequential,25%,99.3385,72.6812,0.003263000000000002,1.0000000000287557e-06,1,SUSPICIOUS
speech,speech1.wav,Randomized,25%,99.3442,72.6869,0.003263000000000002,1.0000000000287557e-06,1,SUSPICIOUS
speech,speech1.wav,Adaptive,25%,99.3328,72.6755,0.00327100000000001,0.0,1,SUSPICIOUS
speech,speech1.wav,Sequential,50%,96.324,69.6667,0.005199000000000009,1.0000000000287557e-06,1,SUSPICIOUS
speech,speech1.wav,Randomized,50%,96.3294,69.6721,0.005211000000000007,1.0000000000287557e-06,1,SUSPICIOUS
speech,speech1.wav,Adaptive,50%,96.3255,69.6683,0.005209000000000005,1.0000000000287557e-06,1,SUSPICIOUS
speech,speech10.wav,Sequential,1%,113.223,95.2778,0.0005350000000000077,0.0,1,SUSPICIOUS
speech,speech10.wav,Randomized,1%,113.1734,95.2282,0.0005570000000000019,0.0,1,SUSPICIOUS
speech,speech10.wav,Adaptive,1%,113.1993,95.2541,0.0005060000000000064,0.0,1,SUSPICIOUS
speech,speech10.wav,Sequential,5%,106.3204,88.3752,0.0023870000000000002,0.0,1,SUSPICIOUS
speech,speech10.wav,Randomized,5%,106.2828,88.3376,0.0023990000000000122,0.0,1,SUSPICIOUS
speech,speech10.wav,Adaptive,5%,106.2681,88.3229,0.0024070000000000202,0.0,1,SUSPICIOUS
speech,speech10.wav,Sequential,10%,103.3125,85.3673,0.00432200000000002,0.0,1,SUSPICIOUS
speech,speech10.wav,Randomized,10%,103.2936,85.3484,0.004323000000000021,0.0,1,SUSPICIOUS
speech,speech10.wav,Adaptive,10%,103.2702,85.325,0.004261000000000015,0.0,1,SUSPICIOUS
speech,speech10.wav,Sequential,25%,99.3515,81.4063,0.008506000000000014,0.0,1,SUSPICIOUS
speech,speech10.wav,Randomized,25%,99.3364,81.3912,0.008616000000000013,0.0,1,SUSPICIOUS
speech,speech10.wav,Adaptive,25%,99.3257,81.3805,0.008377999999999997,0.0,1,SUSPICIOUS
speech,speech10.wav,Sequential,50%,96.3309,78.3857,0.013187000000000004,1.0000000000287557e-06,1,SUSPICIOUS
speech,speech10.wav,Randomized,50%,96.3281,78.3829,0.013184000000000029,4.000000000004e-06,1,SUSPICIOUS
speech,speech10.wav,Adaptive,50%,96.3291,78.3839,0.013232000000000022,1.0000000000287557e-06,1,SUSPICIOUS
speech,speech11.wav,Sequential,1%,113.2998,98.5823,5.8000000000002494e-05,1.0000000000287557e-06,2,DETECTED
speech,speech11.wav,Randomized,1%,113.3082,98.5907,5.2999999999997494e-05,0.0,2,DETECTED
speech,speech11.wav,Adaptive,1%,113.2497,98.5322,4.199999999998649e-05,0.0,2,DETECTED
speech,speech11.wav,Sequential,5%,106.2944,91.5769,0.00026299999999998547,1.0000000000287557e-06,2,DETECTED
speech,speech11.wav,Randomized,5%,106.3325,91.615,0.00026699999999998947,1.0000000000287557e-06,2,DETECTED
speech,speech11.wav,Adaptive,5%,106.3014,91.5839,0.0002969999999999917,0.0,2,DETECTED
speech,speech11.wav,Sequential,10%,103.3295,88.612,0.0005749999999999922,1.999999999946489e-06,2,DETECTED
speech,speech11.wav,Randomized,10%,103.3065,88.589,0.0006079999999999974,1.999999999946489e-06,2,DETECTED
speech,speech11.wav,Adaptive,10%,103.3119,88.5944,0.0005879999999999774,1.0000000000287557e-06,2,DETECTED
speech,speech11.wav,Sequential,25%,99.341,84.6235,0.0015319999999999778,2.9999999999752447e-06,2,DETECTED
speech,speech11.wav,Randomized,25%,99.3338,84.6164,0.0014789999999999803,2.9999999999752447e-06,2,DETECTED
speech,speech11.wav,Adaptive,25%,99.3299,84.6124,0.0016039999999999943,1.999999999946489e-06,2,DETECTED
speech,speech11.wav,Sequential,50%,96.3275,81.61,0.003006999999999982,2.9999999999752447e-06,2,DETECTED
speech,speech11.wav,Randomized,50%,96.3291,81.6116,0.0030689999999999884,2.9999999999752447e-06,2,DETECTED
speech,speech11.wav,Adaptive,50%,96.3325,81.615,0.003034999999999982,1.999999999946489e-06,2,DETECTED
speech,speech2.wav,Sequential,1%,113.2173,84.015,0.0004679999999999962,0.0,2,DETECTED
speech,speech2.wav,Randomized,1%,113.1182,83.9159,0.00044600000000000195,0.0,2,DETECTED
speech,speech2.wav,Adaptive,1%,113.2616,84.0594,0.00043799999999999395,0.0,2,DETECTED
speech,speech2.wav,Sequential,5%,106.29,77.0878,0.0020879999999999926,1.999999999946489e-06,2,DETECTED
speech,speech2.wav,Randomized,5%,106.2911,77.0889,0.0020789999999999975,1.0000000000287557e-06,2,DETECTED
speech,speech2.wav,Adaptive,5%,106.2762,77.074,0.0020860000000000045,2.0000000000575113e-06,2,DETECTED
speech,speech2.wav,Sequential,10%,103.3046,74.1024,0.003701999999999997,4.000000000004e-06,2,DETECTED
speech,speech2.wav,Randomized,10%,103.3139,74.1117,0.0037679999999999936,0.0,2,DETECTED
speech,speech2.wav,Adaptive,10%,103.3187,74.1165,0.0037839999999999957,4.000000000004e-06,2,DETECTED
speech,speech2.wav,Sequential,25%,99.3405,70.1383,0.007761000000000004,6.000000000061512e-06,2,DETECTED
speech,speech2.wav,Randomized,25%,99.3362,70.1339,0.007737999999999995,2.9999999999752447e-06,2,DETECTED
speech,speech2.wav,Adaptive,25%,99.33,70.1277,0.007754999999999998,1.0000000000287557e-06,2,DETECTED
speech,speech2.wav,Sequential,50%,96.3303,67.1281,0.012402999999999997,5.000000000032756e-06,2,DETECTED
speech,speech2.wav,Randomized,50%,96.3218,67.1196,0.012409000000000003,8.000000000008e-06,2,DETECTED
speech,speech2.wav,Adaptive,50%,96.3108,67.1086,0.012465000000000004,2.9999999999752447e-06,2,DETECTED
speech,speech3.wav,Sequential,1%,113.2715,90.1655,0.00038799999999999946,0.00027399999999999647,1,SUSPICIOUS
speech,speech3.wav,Randomized,1%,113.278,90.172,0.00038599999999999746,0.00028100000000008674,1,SUSPICIOUS
speech,speech3.wav,Adaptive,1%,113.2758,90.1698,0.00041200000000002346,4.100000000006876e-05,1,SUSPICIOUS
speech,speech3.wav,Sequential,5%,106.3274,83.2214,0.0017590000000000106,0.0015519999999999978,1,SUSPICIOUS
speech,speech3.wav,Randomized,5%,106.3442,83.2382,0.001697000000000004,0.0015640000000000098,1,SUSPICIOUS
speech,speech3.wav,Adaptive,5%,106.2964,83.1904,0.0017980000000000218,0.00022300000000008424,1,SUSPICIOUS
speech,speech3.wav,Sequential,10%,103.3067,80.2007,0.003133999999999998,0.003027000000000002,1,SUSPICIOUS
speech,speech3.wav,Randomized,10%,103.308,80.202,0.003154000000000018,0.002990000000000048,1,SUSPICIOUS
speech,speech3.wav,Adaptive,10%,103.3014,80.1954,0.0031190000000000107,0.0006890000000000507,1,SUSPICIOUS
speech,speech3.wav,Sequential,25%,99.3295,76.2235,0.006115000000000009,0.00674600000000003,1,SUSPICIOUS
speech,speech3.wav,Randomized,25%,99.3253,76.2193,0.006125000000000019,0.0068230000000000235,1,SUSPICIOUS
speech,speech3.wav,Adaptive,25%,99.3321,76.2261,0.0061390000000000056,0.0016810000000000436,1,SUSPICIOUS
speech,speech3.wav,Sequential,50%,96.3239,73.2179,0.009238000000000024,0.011651999999999996,2,DETECTED
speech,speech3.wav,Randomized,50%,96.3326,73.2266,0.009221000000000007,0.011677000000000048,2,DETECTED
speech,speech3.wav,Adaptive,50%,96.3266,73.2206,0.009461999999999998,0.0041640000000000565,1,SUSPICIOUS
speech,speech4.wav,Sequential,1%,113.2878,90.1038,1.8000000000000654e-05,0.0,1,SUSPICIOUS
speech,speech4.wav,Randomized,1%,113.321,90.137,1.8000000000000654e-05,0.0,1,SUSPICIOUS
speech,speech4.wav,Adaptive,1%,113.269,90.085,1.9999999999999185e-05,0.0,1,SUSPICIOUS
speech,speech4.wav,Sequential,5%,106.3317,83.1477,9.99999999999994e-05,0.0,1,SUSPICIOUS
speech,speech4.wav,Randomized,5%,106.316,83.132,9.900000000000186e-05,1.0000000000287557e-06,1,SUSPICIOUS
speech,speech4.wav,Adaptive,5%,106.3145,83.1305,9.900000000000186e-05,0.0,1,SUSPICIOUS
speech,speech4.wav,Sequential,10%,103.3243,80.1403,0.00021099999999999938,0.0,1,SUSPICIOUS
speech,speech4.wav,Randomized,10%,103.3079,80.1239,0.00021200000000000038,1.0000000000287557e-06,1,SUSPICIOUS
speech,speech4.wav,Adaptive,10%,103.3159,80.1319,0.00021200000000000038,1.0000000000287557e-06,1,SUSPICIOUS
speech,speech4.wav,Sequential,25%,99.3347,76.1507,0.000621,1.0000000000287557e-06,1,SUSPICIOUS
speech,speech4.wav,Randomized,25%,99.3407,76.1567,0.000622000000000001,2.9999999999752447e-06,1,SUSPICIOUS
speech,speech4.wav,Adaptive,25%,99.3364,76.1524,0.0006320000000000006,1.999999999946489e-06,1,SUSPICIOUS
speech,speech4.wav,Sequential,50%,96.3256,73.1417,0.0013559999999999996,2.9999999999752447e-06,1,SUSPICIOUS
speech,speech4.wav,Randomized,50%,96.3263,73.1423,0.001353,2.9999999999752447e-06,1,SUSPICIOUS
speech,speech4.wav,Adaptive,50%,96.3312,73.1472,0.001353,2.0000000000575113e-06,1,SUSPICIOUS
speech,speech5.wav,Sequential,1%,113.3218,89.2872,0.0006950000000000012,0.0,1,SUSPICIOUS
speech,speech5.wav,Randomized,1%,113.2618,89.2272,0.0007170000000000093,0.0,1,SUSPICIOUS
speech,speech5.wav,Adaptive,1%,113.2631,89.2285,0.0006929999999999992,0.0,1,SUSPICIOUS
speech,speech5.wav,Sequential,5%,106.3158,82.2812,0.003166000000000002,0.0,1,SUSPICIOUS
speech,speech5.wav,Randomized,5%,106.3233,82.2888,0.0032039999999999985,0.0,1,SUSPICIOUS
speech,speech5.wav,Adaptive,5%,106.3127,82.2781,0.003167000000000003,0.0,1,SUSPICIOUS
speech,speech5.wav,Sequential,10%,103.3215,79.2869,0.005719000000000002,0.0,1,SUSPICIOUS
speech,speech5.wav,Randomized,10%,103.3317,79.2971,0.00569900000000001,0.0,1,SUSPICIOUS
speech,speech5.wav,Adaptive,10%,103.3138,79.2793,0.005754000000000009,0.0,1,SUSPICIOUS
speech,speech5.wav,Sequential,25%,99.3441,75.3095,0.011540000000000009,0.0,1,SUSPICIOUS
speech,speech5.wav,Randomized,25%,99.3413,75.3067,0.011481000000000005,0.0,1,SUSPICIOUS
speech,speech5.wav,Adaptive,25%,99.3418,75.3072,0.011446999999999999,0.0,1,SUSPICIOUS
speech,speech5.wav,Sequential,50%,96.3251,72.2905,0.017989000000000005,0.0,1,SUSPICIOUS
speech,speech5.wav,Randomized,50%,96.3292,72.2946,0.017917000000000002,0.0,1,SUSPICIOUS
speech,speech5.wav,Adaptive,50%,96.3232,72.2887,0.017936000000000007,0.0,1,SUSPICIOUS
speech,speech6.wav,Sequential,1%,113.2864,84.8546,2.7000000000002716e-05,0.0004250000000000087,1,SUSPICIOUS
speech,speech6.wav,Randomized,1%,113.3198,84.8881,2.8000000000000247e-05,0.0004390000000000782,1,SUSPICIOUS
speech,speech6.wav,Adaptive,1%,113.2918,84.8601,2.9000000000001247e-05,0.00018600000000001948,1,SUSPICIOUS
speech,speech6.wav,Sequential,5%,106.3069,77.8751,0.00015200000000000283,0.002051000000000025,1,SUSPICIOUS
speech,speech6.wav,Randomized,5%,106.3357,77.9039,0.00015300000000000036,0.0019740000000000313,1,SUSPICIOUS
speech,speech6.wav,Adaptive,5%,106.3035,77.8718,0.0001559999999999999,0.0009360000000000479,1,SUSPICIOUS
speech,speech6.wav,Sequential,10%,103.3047,74.873,0.00033400000000000096,0.004118000000000066,1,SUSPICIOUS
speech,speech6.wav,Randomized,10%,103.3076,74.8759,0.00033500000000000196,0.004183000000000048,1,SUSPICIOUS
speech,speech6.wav,Adaptive,10%,103.312,74.8803,0.00034400000000000056,0.0019100000000000783,1,SUSPICIOUS
speech,speech6.wav,Sequential,25%,99.3323,70.9005,0.0009510000000000005,0.009457000000000049,2,DETECTED
speech,speech6.wav,Randomized,25%,99.3365,70.9048,0.0009490000000000019,0.009474000000000093,2,DETECTED
speech,speech6.wav,Adaptive,25%,99.3341,70.9024,0.0009730000000000016,0.005219000000000085,1,SUSPICIOUS
speech,speech6.wav,Sequential,50%,96.3325,67.9007,0.0019430000000000003,0.01624200000000009,2,DETECTED
speech,speech6.wav,Randomized,50%,96.3284,67.8967,0.0019430000000000003,0.016216000000000008,2,DETECTED
speech,speech6.wav,Adaptive,50%,96.3288,67.897,0.0019990000000000008,0.011560000000000015,2,DETECTED
speech,speech7.wav,Sequential,1%,113.2657,85.1449,6.999999999999975e-05,0.0,2,DETECTED
speech,speech7.wav,Randomized,1%,113.2608,85.1399,6.999999999999975e-05,0.0,2,DETECTED
speech,speech7.wav,Adaptive,1%,113.2313,85.1104,7.200000000000002e-05,0.0,2,DETECTED
speech,speech7.wav,Sequential,5%,106.3171,78.1962,0.0003259999999999999,9.999999999177334e-07,2,DETECTED
speech,speech7.wav,Randomized,5%,106.3315,78.2106,0.0003210000000000001,0.0,2,DETECTED
speech,speech7.wav,Adaptive,5%,106.3312,78.2104,0.0003229999999999995,9.999999999177334e-07,2,DETECTED
speech,speech7.wav,Sequential,10%,103.2952,75.1744,0.0006150000000000001,9.999999999177334e-07,2,DETECTED
speech,speech7.wav,Randomized,10%,103.3272,75.2063,0.0006139999999999991,0.0,2,DETECTED
speech,speech7.wav,Adaptive,10%,103.3277,75.2069,0.0006159999999999994,0.0,2,DETECTED
speech,speech7.wav,Sequential,25%,99.3343,71.2135,0.0013689999999999996,9.999999999177334e-07,2,DETECTED
speech,speech7.wav,Randomized,25%,99.3356,71.2147,0.0013709999999999998,9.999999999177334e-07,2,DETECTED
speech,speech7.wav,Adaptive,25%,99.3363,71.2155,0.0013750000000000004,9.999999999177334e-07,2,DETECTED
speech,speech7.wav,Sequential,50%,96.3323,68.2114,0.002377999999999999,9.999999999177334e-07,2,DETECTED
speech,speech7.wav,Randomized,50%,96.3226,68.2017,0.002384,9.999999999177334e-07,2,DETECTED
speech,speech7.wav,Adaptive,50%,96.3258,68.205,0.002379,1.999999999946489e-06,2,DETECTED
speech,speech8.wav,Sequential,1%,113.2716,90.08,0.0005440000000000028,2.9999999999752447e-06,1,SUSPICIOUS
speech,speech8.wav,Randomized,1%,113.2575,90.0659,0.0005460000000000048,6.999999999979245e-06,1,SUSPICIOUS
speech,speech8.wav,Adaptive,1%,113.2331,90.0415,0.0005500000000000019,2.9999999999752447e-06,1,SUSPICIOUS
speech,speech8.wav,Sequential,5%,106.2956,83.104,0.0024130000000000054,2.6999999999999247e-05,1,SUSPICIOUS
speech,speech8.wav,Randomized,5%,106.3256,83.1341,0.002381000000000001,2.9000000000056758e-05,1,SUSPICIOUS
speech,speech8.wav,Adaptive,5%,106.3202,83.1286,0.0023980000000000043,4.000000000004e-06,1,SUSPICIOUS
speech,speech8.wav,Sequential,10%,103.3124,80.1208,0.004307000000000005,5.2000000000052005e-05,1,SUSPICIOUS
speech,speech8.wav,Randomized,10%,103.3074,80.1158,0.0043320000000000025,3.399999999997849e-05,1,SUSPICIOUS
speech,speech8.wav,Adaptive,10%,103.3166,80.125,0.004355000000000005,2.599999999997049e-05,1,SUSPICIOUS
speech,speech8.wav,Sequential,25%,99.3365,76.1449,0.008488999999999997,9.999999999998899e-05,2,DETECTED
speech,speech8.wav,Randomized,25%,99.3413,76.1497,0.008549000000000001,0.00011200000000000099,2,DETECTED
speech,speech8.wav,Adaptive,25%,99.3381,76.1465,0.008678000000000005,4.899999999996574e-05,1,SUSPICIOUS
speech,speech8.wav,Sequential,50%,96.3376,73.146,0.013103000000000004,0.00016700000000002824,2,DETECTED
speech,speech8.wav,Randomized,50%,96.3257,73.1341,0.013163999999999995,0.00016599999999999948,2,DETECTED
speech,speech8.wav,Adaptive,50%,96.3252,73.1336,0.013400999999999996,7.80000000000225e-05,1,SUSPICIOUS
speech,speech9.wav,Sequential,1%,113.2512,95.4497,0.00045400000000000995,1.999999999946489e-06,1,SUSPICIOUS
speech,speech9.wav,Randomized,1%,113.216,95.4145,0.0004840000000000122,0.0,1,SUSPICIOUS
speech,speech9.wav,Adaptive,1%,113.2357,95.4342,0.0005179999999999907,0.0,1,SUSPICIOUS
speech,speech9.wav,Sequential,5%,106.2804,88.4789,0.0022169999999999968,2.9999999999752447e-06,1,SUSPICIOUS
speech,speech9.wav,Randomized,5%,106.311,88.5095,0.0021720000000000073,2.9999999999752447e-06,1,SUSPICIOUS
speech,speech9.wav,Adaptive,5%,106.3041,88.5025,0.0021839999999999915,0.0,1,SUSPICIOUS
speech,speech9.wav,Sequential,10%,103.3136,85.5121,0.0038960000000000106,2.9999999999752447e-06,1,SUSPICIOUS
speech,speech9.wav,Randomized,10%,103.3131,85.5116,0.0038690000000000113,4.000000000004e-06,1,SUSPICIOUS
speech,speech9.wav,Adaptive,10%,103.2915,85.49,0.003955999999999987,1.0000000000287557e-06,1,SUSPICIOUS
speech,speech9.wav,Sequential,25%,99.3495,81.548,0.007750000000000007,2.9999999999752447e-06,1,SUSPICIOUS
speech,speech9.wav,Randomized,25%,99.3285,81.527,0.007729999999999987,2.9999999999752447e-06,1,SUSPICIOUS
speech,speech9.wav,Adaptive,25%,99.3321,81.5305,0.007791999999999993,1.0000000000287557e-06,1,SUSPICIOUS
speech,speech9.wav,Sequential,50%,96.3283,78.5268,0.011959999999999998,1.999999999946489e-06,1,SUSPICIOUS
speech,speech9.wav,Randomized,50%,96.3238,78.5223,0.011926999999999993,2.9999999999752447e-06,1,SUSPICIOUS
speech,speech9.wav,Adaptive,50%,96.3247,78.5232,0.011968000000000006,4.000000000004e-06,1,SUSPICIOUS
