Domain,Filename,Strategy,Encrypted,Payload_Rate,PSNR,Extraction_OK,BER,stat_chi_square,stat_rs_analysis,stat_spa,stat_histogram,det_chi_square,det_rs_analysis,det_spa,det_histogram,Detected_Count,Discriminative_Detected,Verdict
ambient,nature1.wav,sequential,0,10%,103.34543378052672,1,0.0,0.891304,0.021375,0.01047805,0.966894,0,1,1,0,2,2,DETECTED
ambient,nature1.wav,sequential,1,10%,103.33392581318022,1,0.0,0.978261,0.016179,0.00723117,0.980904,0,0,0,0,0,0,SAFE
ambient,nature1.wav,uniform,0,10%,103.33987538505211,1,0.0,0.978261,0.013442,0.00528231,0.965349,0,0,0,0,0,0,SAFE
ambient,nature1.wav,uniform,1,10%,103.32091642625149,1,0.0,0.978261,0.01356,0.00539998,0.978191,0,0,0,0,0,0,SAFE
ambient,nature1.wav,adaptive,0,10%,103.32040593532639,1,0.0,0.978261,0.010382,0.00420072,0.967832,0,0,0,0,0,0,SAFE
ambient,nature1.wav,adaptive,1,10%,103.31272745444991,1,0.0,0.978261,0.011549,0.00455524,0.978441,0,0,0,0,0,0,SAFE
ambient,nature1.wav,sequential,0,50%,96.33249287279024,1,0.0,0.5,0.090899,0.04073462,0.869199,0,1,1,0,2,2,DETECTED
ambient,nature1.wav,sequential,1,50%,96.33781846343656,1,0.0,0.956522,0.067707,0.02699463,0.980703,0,1,1,0,2,2,DETECTED
ambient,nature1.wav,uniform,0,50%,96.3267997871368,1,0.0,0.347826,0.065129,0.02449034,0.87197,0,1,1,0,2,2,DETECTED
ambient,nature1.wav,uniform,1,50%,96.32839808751709,1,0.0,0.978261,0.064114,0.02364396,0.979939,0,1,1,0,2,2,DETECTED
ambient,nature1.wav,adaptive,0,50%,96.32907839378588,1,0.0,0.413043,0.059701,0.02295856,0.873943,0,1,1,0,2,2,DETECTED
ambient,nature1.wav,adaptive,1,50%,96.32731548645702,1,0.0,0.978261,0.06302,0.02339673,0.975708,0,1,1,0,2,2,DETECTED
ambient,nature10.wav,sequential,0,10%,103.35966104842664,1,0.0,0.864865,0.009224,0.00509253,0.95805,0,0,0,0,0,0,SAFE
ambient,nature10.wav,sequential,1,10%,103.32071253068439,1,0.0,0.945946,0.006914,0.00390065,0.971492,0,0,0,0,0,0,SAFE
ambient,nature10.wav,uniform,0,10%,103.33188652487863,1,0.0,0.918919,0.006714,0.00317642,0.959559,0,0,0,0,0,0,SAFE
ambient,nature10.wav,uniform,1,10%,103.32782639952761,1,0.0,0.945946,0.006138,0.00247593,0.97134,0,0,0,0,0,0,SAFE
ambient,nature10.wav,adaptive,0,10%,103.3271500808445,1,0.0,0.891892,0.004162,0.00233965,0.96333,0,0,0,0,0,0,SAFE
ambient,nature10.wav,adaptive,1,10%,103.33259921910853,1,0.0,0.945946,0.004103,0.00281848,0.971791,0,0,0,0,0,0,SAFE
ambient,nature10.wav,sequential,0,50%,96.34590803423991,1,0.0,0.486486,0.025172,0.01006575,0.871054,0,1,1,0,2,2,DETECTED
ambient,nature10.wav,sequential,1,50%,96.3322423533484,1,0.0,0.972973,0.017751,0.00768442,0.976543,0,1,0,0,1,1,SUSPICIOUS
ambient,nature10.wav,uniform,0,50%,96.33525806510521,1,0.0,0.297297,0.015834,0.00578648,0.86974,0,0,0,0,0,0,SAFE
ambient,nature10.wav,uniform,1,50%,96.33072817480424,1,0.0,0.945946,0.023477,0.0079616,0.970325,0,1,0,0,1,1,SUSPICIOUS
ambient,nature10.wav,adaptive,0,50%,96.33556402078514,1,0.0,0.243243,0.013854,0.00462508,0.872753,0,0,0,0,0,0,SAFE
ambient,nature10.wav,adaptive,1,50%,96.3304652022933,1,0.0,0.972973,0.017561,0.00668833,0.974086,0,1,0,0,1,1,SUSPICIOUS
ambient,nature11.wav,sequential,0,10%,103.3926480511189,1,0.0,0.909091,0.00409,0.0032692,0.969312,0,0,0,0,0,0,SAFE
ambient,nature11.wav,sequential,1,10%,103.31014083175208,1,0.0,1.0,0.003256,0.00209968,0.982233,0,0,0,0,0,0,SAFE
ambient,nature11.wav,uniform,0,10%,103.31820604789553,1,0.0,0.954545,0.00051,0.00046823,0.966503,0,0,0,0,0,0,SAFE
ambient,nature11.wav,uniform,1,10%,103.30289492107761,1,0.0,0.954545,0.003867,0.00120375,0.979265,0,0,0,0,0,0,SAFE
ambient,nature11.wav,adaptive,0,10%,103.32247514915066,1,0.0,0.954545,0.002337,0.00050189,0.967197,0,0,0,0,0,0,SAFE
ambient,nature11.wav,adaptive,1,10%,103.3212632209109,1,0.0,0.954545,0.001737,0.00028654,0.978684,0,0,0,0,0,0,SAFE
ambient,nature11.wav,sequential,0,50%,96.34946481436444,1,0.0,0.454545,0.007028,0.00388005,0.874038,0,0,0,0,0,0,SAFE
ambient,nature11.wav,sequential,1,50%,96.33042081203075,1,0.0,0.954545,0.007989,0.00403322,0.978675,0,0,0,0,0,0,SAFE
ambient,nature11.wav,uniform,0,50%,96.34170763094116,1,0.0,0.0,0.009907,0.00281459,0.871923,0,0,0,0,0,0,SAFE
ambient,nature11.wav,uniform,1,50%,96.33394118453889,1,0.0,0.954545,0.008053,0.00380146,0.979016,0,0,0,0,0,0,SAFE
ambient,nature11.wav,adaptive,0,50%,96.33493433013125,1,0.0,0.0,0.00682,0.0012388,0.870703,0,0,0,0,0,0,SAFE
ambient,nature11.wav,adaptive,1,50%,96.3275604472011,1,0.0,0.954545,0.008159,0.00175002,0.979566,0,0,0,0,0,0,SAFE
ambient,nature2.wav,sequential,0,10%,103.34458968608816,1,0.0,0.9,0.020171,0.00673338,0.970381,0,1,0,0,1,1,SUSPICIOUS
ambient,nature2.wav,sequential,1,10%,103.34250022498505,1,0.0,0.975,0.011491,0.00407976,0.987358,0,0,0,1,1,1,SUSPICIOUS
ambient,nature2.wav,uniform,0,10%,103.33675938499638,1,0.0,0.975,0.012648,0.00392056,0.970508,0,0,0,0,0,0,SAFE
ambient,nature2.wav,uniform,1,10%,103.31419587962463,1,0.0,0.975,0.011527,0.00393175,0.986599,0,0,0,1,1,1,SUSPICIOUS
ambient,nature2.wav,adaptive,0,10%,103.33493434437321,1,0.0,0.975,0.009075,0.00203068,0.97041,0,0,0,0,0,0,SAFE
ambient,nature2.wav,adaptive,1,10%,103.31649887415657,1,0.0,0.975,0.009655,0.00249472,0.986809,0,0,0,1,1,1,SUSPICIOUS
ambient,nature2.wav,sequential,0,50%,96.33584746804905,1,0.0,0.475,0.089268,0.02512494,0.873282,0,1,1,0,2,2,DETECTED
ambient,nature2.wav,sequential,1,50%,96.32717521078172,1,0.0,0.975,0.053408,0.01728725,0.986182,0,1,1,1,3,3,DETECTED
ambient,nature2.wav,uniform,0,50%,96.33968567581825,1,0.0,0.0,0.051943,0.01534674,0.872877,0,1,1,0,2,2,DETECTED
ambient,nature2.wav,uniform,1,50%,96.33040823032788,1,0.0,0.975,0.050786,0.0154743,0.98793,0,1,1,1,3,3,DETECTED
ambient,nature2.wav,adaptive,0,50%,96.33905441539244,1,0.0,0.0,0.04657,0.01274664,0.872599,0,1,1,0,2,2,DETECTED
ambient,nature2.wav,adaptive,1,50%,96.33541832009118,1,0.0,0.975,0.051064,0.01464324,0.987302,0,1,1,1,3,3,DETECTED
ambient,nature3.wav,sequential,0,10%,103.34592297587574,1,0.0,0.898305,0.017909,0.00524593,0.958588,0,1,0,0,1,1,SUSPICIOUS
ambient,nature3.wav,sequential,1,10%,103.31520198352231,1,0.0,1.0,0.012324,0.00369144,0.97664,0,0,0,0,0,0,SAFE
ambient,nature3.wav,uniform,0,10%,103.32211642242721,1,0.0,0.983051,0.007628,0.00235938,0.965473,0,0,0,0,0,0,SAFE
ambient,nature3.wav,uniform,1,10%,103.31973625730815,1,0.0,0.983051,0.008138,0.00240399,0.976731,0,0,0,0,0,0,SAFE
ambient,nature3.wav,adaptive,0,10%,103.3133585104681,1,0.0,0.983051,0.004262,0.00096087,0.967618,0,0,0,0,0,0,SAFE
ambient,nature3.wav,adaptive,1,10%,103.32576705974972,1,0.0,0.983051,0.002115,6.555e-05,0.976353,0,0,0,0,0,0,SAFE
ambient,nature3.wav,sequential,0,50%,96.33323527947117,1,0.0,0.491525,0.047493,0.0131794,0.873081,0,1,1,0,2,2,DETECTED
ambient,nature3.wav,sequential,1,50%,96.328853290091,1,0.0,1.0,0.030481,0.00884007,0.976222,0,1,1,0,2,2,DETECTED
ambient,nature3.wav,uniform,0,50%,96.33101926421799,1,0.0,0.644068,0.03447,0.01123638,0.873388,0,1,1,0,2,2,DETECTED
ambient,nature3.wav,uniform,1,50%,96.33087690831938,1,0.0,0.983051,0.028603,0.00868627,0.976859,0,1,1,0,2,2,DETECTED
ambient,nature3.wav,adaptive,0,50%,96.32399600846809,1,0.0,0.966102,0.026893,0.00893797,0.873481,0,1,1,0,2,2,DETECTED
ambient,nature3.wav,adaptive,1,50%,96.33075235073578,1,0.0,0.983051,0.019865,0.00670659,0.976741,0,1,0,0,1,1,SUSPICIOUS
ambient,nature4.wav,sequential,0,10%,103.32300860125632,1,0.0,0.888889,0.00396,0.00191316,0.965384,0,0,0,0,0,0,SAFE
ambient,nature4.wav,sequential,1,10%,103.32174165521317,1,0.0,1.0,0.003879,0.00231578,0.97941,0,0,0,0,0,0,SAFE
ambient,nature4.wav,uniform,0,10%,103.32213144540071,1,0.0,0.962963,0.005525,0.00108845,0.967043,0,0,0,0,0,0,SAFE
ambient,nature4.wav,uniform,1,10%,103.32076733277471,1,0.0,0.962963,0.00174,0.00049405,0.978155,0,0,0,0,0,0,SAFE
ambient,nature4.wav,adaptive,0,10%,103.31152215527668,1,0.0,0.962963,0.001937,0.00088078,0.968181,0,0,0,0,0,0,SAFE
ambient,nature4.wav,adaptive,1,10%,103.3144395593715,1,0.0,0.962963,0.00248,0.00060062,0.978892,0,0,0,0,0,0,SAFE
ambient,nature4.wav,sequential,0,50%,96.33223650257366,1,0.0,0.481481,0.012947,0.00364193,0.872286,0,0,0,0,0,0,SAFE
ambient,nature4.wav,sequential,1,50%,96.3214138316894,1,0.0,0.962963,0.010377,0.00339101,0.979207,0,0,0,0,0,0,SAFE
ambient,nature4.wav,uniform,0,50%,96.33041461564693,1,0.0,0.185185,0.008682,0.00161652,0.873347,0,0,0,0,0,0,SAFE
ambient,nature4.wav,uniform,1,50%,96.33300640643259,1,0.0,0.962963,0.012369,0.00246258,0.97817,0,0,0,0,0,0,SAFE
ambient,nature4.wav,adaptive,0,50%,96.32442823285177,1,0.0,0.074074,0.005283,0.00222021,0.874531,0,0,0,0,0,0,SAFE
ambient,nature4.wav,adaptive,1,50%,96.32800933694591,1,0.0,0.962963,0.009202,0.0037777,0.978544,0,0,0,0,0,0,SAFE
ambient,nature5.wav,sequential,0,10%,103.33551083674851,1,0.0,0.907407,0.007124,0.00277497,0.964877,0,0,0,0,0,0,SAFE
ambient,nature5.wav,sequential,1,10%,103.32814263692146,1,0.0,1.0,0.004826,0.00184999,0.9753,0,0,0,0,0,0,SAFE
ambient,nature5.wav,uniform,0,10%,103.33054869386235,1,0.0,0.981481,0.001195,0.00016075,0.966015,0,0,0,0,0,0,SAFE
ambient,nature5.wav,uniform,1,10%,103.31782872207805,1,0.0,0.981481,0.000346,-0.00027044,0.97538,0,0,0,0,0,0,SAFE
ambient,nature5.wav,adaptive,0,10%,103.32530083258342,1,0.0,0.981481,7.1e-05,2.434e-05,0.966524,0,0,0,0,0,0,SAFE
ambient,nature5.wav,adaptive,1,10%,103.33889515529758,1,0.0,0.981481,0.000598,0.00030116,0.97548,0,0,0,0,0,0,SAFE
ambient,nature5.wav,sequential,0,50%,96.33350827285201,1,0.0,0.5,0.020355,0.00682281,0.872191,0,1,0,0,1,1,SUSPICIOUS
ambient,nature5.wav,sequential,1,50%,96.33290158311146,1,0.0,0.981481,0.009895,0.00333067,0.975402,0,0,0,0,0,0,SAFE
ambient,nature5.wav,uniform,0,50%,96.33692187549937,1,0.0,0.981481,0.00979,0.00300435,0.872634,0,0,0,0,0,0,SAFE
ambient,nature5.wav,uniform,1,50%,96.32595738558865,1,0.0,0.981481,0.011981,0.00409061,0.976664,0,0,0,0,0,0,SAFE
ambient,nature5.wav,adaptive,0,50%,96.3312615183472,1,0.0,0.981481,0.00759,0.00249622,0.873231,0,0,0,0,0,0,SAFE
ambient,nature5.wav,adaptive,1,50%,96.33039321412608,1,0.0,0.981481,0.010185,0.00246039,0.974987,0,0,0,0,0,0,SAFE
ambient,nature6.wav,sequential,0,10%,103.3396068397652,1,0.0,0.886364,0.004919,0.0013664,0.973645,0,0,0,0,0,0,SAFE
ambient,nature6.wav,sequential,1,10%,103.31780251658675,1,0.0,1.0,0.004178,0.0013115,0.988897,0,0,0,1,1,1,SUSPICIOUS
ambient,nature6.wav,uniform,0,10%,103.32414083728798,1,0.0,0.977273,0.003677,0.00107202,0.973733,0,0,0,0,0,0,SAFE
ambient,nature6.wav,uniform,1,10%,103.32602617917429,1,0.0,1.0,0.003251,0.00116537,0.988909,0,0,0,1,1,1,SUSPICIOUS
ambient,nature6.wav,adaptive,0,10%,103.32911032752808,1,0.0,0.977273,0.000884,0.00047166,0.974785,0,0,0,0,0,0,SAFE
ambient,nature6.wav,adaptive,1,10%,103.31666737950891,1,0.0,1.0,0.002128,0.00077567,0.988799,0,0,0,1,1,1,SUSPICIOUS
ambient,nature6.wav,sequential,0,50%,96.3305171197198,1,0.0,0.5,0.039088,0.01163618,0.87496,0,1,1,0,2,2,DETECTED
ambient,nature6.wav,sequential,1,50%,96.33057690522736,1,0.0,1.0,0.027976,0.00876138,0.98972,0,1,1,1,3,3,DETECTED
ambient,nature6.wav,uniform,0,50%,96.32791724639443,1,0.0,0.0,0.022421,0.00673702,0.87502,0,1,0,0,1,1,SUSPICIOUS
ambient,nature6.wav,uniform,1,50%,96.33643389436091,1,0.0,1.0,0.027439,0.00730223,0.988814,0,1,0,1,2,2,DETECTED
ambient,nature6.wav,adaptive,0,50%,96.3294769836147,1,0.0,0.0,0.023792,0.0074595,0.875607,0,1,0,0,1,1,SUSPICIOUS
ambient,nature6.wav,adaptive,1,50%,96.32712265317497,1,0.0,1.0,0.026148,0.00735561,0.988625,0,1,0,1,2,2,DETECTED
ambient,nature7.wav,sequential,0,10%,103.33780823272474,1,0.0,0.923077,0.006121,0.00186806,0.957569,0,0,0,0,0,0,SAFE
ambient,nature7.wav,sequential,1,10%,103.36532156547464,1,0.0,1.0,0.00282,0.00131832,0.965197,0,0,0,0,0,0,SAFE
ambient,nature7.wav,uniform,0,10%,103.35478117008392,1,0.0,1.0,9e-06,0.00111581,0.957166,0,0,0,0,0,0,SAFE
ambient,nature7.wav,uniform,1,10%,103.30396001957239,1,0.0,1.0,0.0016,0.00068779,0.963781,0,0,0,0,0,0,SAFE
ambient,nature7.wav,adaptive,0,10%,103.33448204331869,1,0.0,1.0,0.002339,0.00070407,0.957806,0,0,0,0,0,0,SAFE
ambient,nature7.wav,adaptive,1,10%,103.3017594901253,1,0.0,1.0,0.005594,0.00189836,0.963305,0,0,0,0,0,0,SAFE
ambient,nature7.wav,sequential,0,50%,96.32684439734632,1,0.0,0.461538,0.005992,0.00224811,0.872336,0,0,0,0,0,0,SAFE
ambient,nature7.wav,sequential,1,50%,96.3353213391528,1,0.0,1.0,0.00872,0.00267747,0.964174,0,0,0,0,0,0,SAFE
ambient,nature7.wav,uniform,0,50%,96.34449989503666,1,0.0,0.923077,0.000222,0.00081337,0.872748,0,0,0,0,0,0,SAFE
ambient,nature7.wav,uniform,1,50%,96.33441661133583,1,0.0,1.0,0.000111,-8.823e-05,0.963399,0,0,0,0,0,0,SAFE
ambient,nature7.wav,adaptive,0,50%,96.33612569991243,1,0.0,0.923077,0.001433,5.805e-05,0.87515,0,0,0,0,0,0,SAFE
ambient,nature7.wav,adaptive,1,50%,96.34341194767394,1,0.0,1.0,0.001285,0.000453,0.963218,0,0,0,0,0,0,SAFE
ambient,nature8.wav,sequential,0,10%,103.340706269726,1,0.0,0.886792,0.011362,0.00416568,0.967921,0,0,0,0,0,0,SAFE
ambient,nature8.wav,sequential,1,10%,103.31424287986637,1,0.0,1.0,0.005471,0.00280925,0.985085,0,0,0,1,1,1,SUSPICIOUS
ambient,nature8.wav,uniform,0,10%,103.3309612345777,1,0.0,0.886792,0.005424,0.00224709,0.967677,0,0,0,0,0,0,SAFE
ambient,nature8.wav,uniform,1,10%,103.31902002853843,1,0.0,0.943396,0.003964,0.00180653,0.983831,0,0,0,1,1,1,SUSPICIOUS
ambient,nature8.wav,adaptive,0,10%,103.32266798803245,1,0.0,0.90566,0.001977,0.00122281,0.968703,0,0,0,0,0,0,SAFE
ambient,nature8.wav,adaptive,1,10%,103.31429210202421,1,0.0,0.943396,0.001232,0.00132276,0.98399,0,0,0,1,1,1,SUSPICIOUS
ambient,nature8.wav,sequential,0,50%,96.3369200708878,1,0.0,0.490566,0.042328,0.01019116,0.872634,0,1,1,0,2,2,DETECTED
ambient,nature8.wav,sequential,1,50%,96.33599215766431,1,0.0,0.962264,0.023861,0.00775157,0.988449,0,1,0,1,2,2,DETECTED
ambient,nature8.wav,uniform,0,50%,96.33365844399762,1,0.0,0.0,0.021526,0.00644073,0.871534,0,1,0,0,1,1,SUSPICIOUS
ambient,nature8.wav,uniform,1,50%,96.32997540612057,1,0.0,0.943396,0.023101,0.0069582,0.981032,0,1,0,0,1,1,SUSPICIOUS
ambient,nature8.wav,adaptive,0,50%,96.33209511335082,1,0.0,0.0,0.013994,0.00362653,0.87075,0,0,0,0,0,0,SAFE
ambient,nature8.wav,adaptive,1,50%,96.32687165565837,1,0.0,0.962264,0.016173,0.00372812,0.986679,0,0,0,1,1,1,SUSPICIOUS
ambient,nature9.wav,sequential,0,10%,103.33856297407353,1,0.0,0.529412,0.003473,0.00072815,0.708809,0,0,0,0,0,0,SAFE
ambient,nature9.wav,sequential,1,10%,103.34833182529823,1,0.0,0.588235,0.00291,0.00081902,0.710861,0,0,0,0,0,0,SAFE
ambient,nature9.wav,uniform,0,10%,103.32261090905305,1,0.0,0.588235,0.002691,0.00134854,0.732467,0,0,0,0,0,0,SAFE
ambient,nature9.wav,uniform,1,10%,103.33503006388038,1,0.0,0.588235,0.00255,0.00126649,0.733105,0,0,0,0,0,0,SAFE
ambient,nature9.wav,adaptive,0,10%,103.35750529990428,1,0.0,0.588235,0.002917,0.0015323,0.722604,0,0,0,0,0,0,SAFE
ambient,nature9.wav,adaptive,1,10%,103.2969653255818,1,0.0,0.588235,0.001895,0.00090456,0.72437,0,0,0,0,0,0,SAFE
ambient,nature9.wav,sequential,0,50%,96.33805820540621,1,0.0,0.176471,0.012758,0.00258982,0.659996,0,0,0,0,0,0,SAFE
ambient,nature9.wav,sequential,1,50%,96.32425381980158,1,0.0,0.588235,0.007052,0.00220192,0.7103,0,0,0,0,0,0,SAFE
ambient,nature9.wav,uniform,0,50%,96.33101279234596,1,0.0,0.588235,0.008884,0.00311762,0.789906,0,0,0,0,0,0,SAFE
ambient,nature9.wav,uniform,1,50%,96.32433021997292,1,0.0,0.647059,0.009497,0.0015448,0.822721,0,0,0,0,0,0,SAFE
ambient,nature9.wav,adaptive,0,50%,96.33707728928091,1,0.0,0.588235,0.007897,0.00243427,0.769319,0,0,0,0,0,0,SAFE
ambient,nature9.wav,adaptive,1,50%,96.32451358586788,1,0.0,0.588235,0.010997,0.0032877,0.802982,0,0,0,0,0,0,SAFE
instrumental,instrument1.wav,sequential,0,10%,103.3938904149351,1,0.0,0.909091,0.004886,0.00372204,0.912401,0,0,0,0,0,0,SAFE
instrumental,instrument1.wav,sequential,1,10%,103.3089602937281,1,0.0,0.954545,0.007297,0.00328522,0.914426,0,0,0,0,0,0,SAFE
instrumental,instrument1.wav,uniform,0,10%,103.33143044584646,1,0.0,0.909091,0.00646,0.0020016,0.901492,0,0,0,0,0,0,SAFE
instrumental,instrument1.wav,uniform,1,10%,103.32263172611707,1,0.0,0.909091,0.005536,0.00247932,0.90438,0,0,0,0,0,0,SAFE
instrumental,instrument1.wav,adaptive,0,10%,103.34715685367945,1,0.0,0.909091,0.001552,-0.00065971,0.911706,0,0,0,0,0,0,SAFE
instrumental,instrument1.wav,adaptive,1,10%,103.31570108040832,1,0.0,0.909091,0.002647,2.739e-05,0.914492,0,0,0,0,0,0,SAFE
instrumental,instrument1.wav,sequential,0,50%,96.34198205659916,1,0.0,0.909091,0.004408,0.00395439,0.856466,0,0,0,0,0,0,SAFE
instrumental,instrument1.wav,sequential,1,50%,96.33233377747217,1,0.0,0.954545,0.002157,0.00256768,0.914439,0,0,0,0,0,0,SAFE
instrumental,instrument1.wav,uniform,0,50%,96.34291689956527,1,0.0,0.863636,0.032692,0.01490525,0.856047,0,1,1,0,2,2,DETECTED
instrumental,instrument1.wav,uniform,1,50%,96.33571900745541,1,0.0,0.909091,0.036929,0.01601615,0.913016,0,1,1,0,2,2,DETECTED
instrumental,instrument1.wav,adaptive,0,50%,96.33713129664764,1,0.0,0.909091,0.00898,0.00294445,0.844718,0,0,0,0,0,0,SAFE
instrumental,instrument1.wav,adaptive,1,50%,96.32778044060471,1,0.0,0.909091,0.005871,0.00143325,0.913515,0,0,0,0,0,0,SAFE
instrumental,instrument10.wav,sequential,0,10%,103.32611108898065,1,0.0,0.944444,0.000696,-9.038e-05,0.900788,0,0,0,0,0,0,SAFE
instrumental,instrument10.wav,sequential,1,10%,103.33499229599506,1,0.0,0.972222,0.000391,-0.00016213,0.906005,0,0,0,0,0,0,SAFE
instrumental,instrument10.wav,uniform,0,10%,103.32351514333932,1,0.0,0.944444,0.006991,0.00333183,0.902174,0,0,0,0,0,0,SAFE
instrumental,instrument10.wav,uniform,1,10%,103.30326961884847,1,0.0,0.972222,0.009641,0.00421548,0.905198,0,0,0,0,0,0,SAFE
instrumental,instrument10.wav,adaptive,0,10%,103.34110415439457,1,0.0,0.972222,0.000554,8.95e-05,0.902949,0,0,0,0,0,0,SAFE
instrumental,instrument10.wav,adaptive,1,10%,103.30883402270743,1,0.0,0.972222,0.000726,-0.00061725,0.905697,0,0,0,0,0,0,SAFE
instrumental,instrument10.wav,sequential,0,50%,96.33555276966881,1,0.0,0.722222,0.002063,0.00110083,0.84309,0,0,0,0,0,0,SAFE
instrumental,instrument10.wav,sequential,1,50%,96.32656189314095,1,0.0,0.972222,0.001535,7.621e-05,0.905627,0,0,0,0,0,0,SAFE
instrumental,instrument10.wav,uniform,0,50%,96.34524165775979,1,0.0,0.916667,0.041706,0.02160322,0.856812,0,1,1,0,2,2,DETECTED
instrumental,instrument10.wav,uniform,1,50%,96.32608693190159,1,0.0,0.972222,0.047755,0.02276246,0.918394,0,1,1,0,2,2,DETECTED
instrumental,instrument10.wav,adaptive,0,50%,96.33543017266369,1,0.0,0.916667,0.008304,0.00366904,0.84781,0,0,0,0,0,0,SAFE
instrumental,instrument10.wav,adaptive,1,50%,96.33524267805555,1,0.0,0.972222,0.007863,0.00410918,0.905209,0,0,0,0,0,0,SAFE
instrumental,instrument11.wav,sequential,0,10%,103.79870797495553,1,0.0,0.928571,0.041592,0.03453607,0.934796,0,1,1,0,2,2,DETECTED
instrumental,instrument11.wav,sequential,1,10%,103.32491485662943,1,0.0,0.928571,0.040119,0.02312444,0.948205,0,1,1,0,2,2,DETECTED
instrumental,instrument11.wav,uniform,0,10%,103.39522214025811,1,0.0,0.928571,0.005215,0.00438838,0.905777,0,0,0,0,0,0,SAFE
instrumental,instrument11.wav,uniform,1,10%,103.31206549932,1,0.0,0.928571,0.007905,0.00656193,0.912949,0,0,0,0,0,0,SAFE
instrumental,instrument11.wav,adaptive,0,10%,103.3391563969621,1,0.0,0.928571,0.001142,0.00177878,0.902532,0,0,0,0,0,0,SAFE
instrumental,instrument11.wav,adaptive,1,10%,103.34511925119726,1,0.0,0.928571,0.000604,0.00072845,0.907858,0,0,0,0,0,0,SAFE
instrumental,instrument11.wav,sequential,0,50%,96.42054706653605,1,0.0,0.5,0.057972,0.03860985,0.862309,0,1,1,0,2,2,DETECTED
instrumental,instrument11.wav,sequential,1,50%,96.32653059285397,1,0.0,1.0,0.048239,0.02544887,0.948056,0,1,1,0,2,2,DETECTED
instrumental,instrument11.wav,uniform,0,50%,96.38889045030561,1,0.0,0.928571,0.044257,0.02218462,0.848191,0,1,1,0,2,2,DETECTED
instrumental,instrument11.wav,uniform,1,50%,96.3255966802953,1,0.0,0.928571,0.048884,0.02492811,0.931748,0,1,1,0,2,2,DETECTED
instrumental,instrument11.wav,adaptive,0,50%,96.34862581762721,1,0.0,0.928571,0.017523,0.00844856,0.82691,0,1,0,0,1,1,SUSPICIOUS
instrumental,instrument11.wav,adaptive,1,50%,96.33327149212406,1,0.0,0.928571,0.021727,0.00892185,0.912806,0,1,1,0,2,2,DETECTED
instrumental,instrument2.wav,sequential,0,10%,103.71553726098708,1,0.0,0.909091,0.03171,0.02542304,0.893223,0,1,1,0,2,2,DETECTED
instrumental,instrument2.wav,sequential,1,10%,103.30756060779454,1,0.0,0.909091,0.029914,0.016553,0.902716,0,1,1,0,2,2,DETECTED
instrumental,instrument2.wav,uniform,0,10%,103.37823165297448,1,0.0,0.909091,0.000811,0.00155689,0.867434,0,0,0,0,0,0,SAFE
instrumental,instrument2.wav,uniform,1,10%,103.31302014780286,1,0.0,0.909091,0.005674,0.00265068,0.869129,0,0,0,0,0,0,SAFE
instrumental,instrument2.wav,adaptive,0,10%,103.31884330390064,1,0.0,0.909091,0.00103,0.00098244,0.864202,0,0,0,0,0,0,SAFE
instrumental,instrument2.wav,adaptive,1,10%,103.32884405849255,1,0.0,0.909091,0.000197,0.00051654,0.866304,0,0,0,0,0,0,SAFE
instrumental,instrument2.wav,sequential,0,50%,96.40638658493774,1,0.0,0.909091,0.030461,0.02522044,0.849062,0,1,1,0,2,2,DETECTED
instrumental,instrument2.wav,sequential,1,50%,96.3179791771375,1,0.0,0.909091,0.027723,0.01664969,0.901471,0,1,1,0,2,2,DETECTED
instrumental,instrument2.wav,uniform,0,50%,96.3731276659316,1,0.0,0.909091,0.015324,0.00790145,0.835225,0,0,0,0,0,0,SAFE
instrumental,instrument2.wav,uniform,1,50%,96.32643273904145,1,0.0,0.909091,0.025883,0.01247061,0.885389,0,1,1,0,2,2,DETECTED
instrumental,instrument2.wav,adaptive,0,50%,96.32816822904985,1,0.0,0.909091,0.006441,0.00263642,0.823558,0,0,0,0,0,0,SAFE
instrumental,instrument2.wav,adaptive,1,50%,96.33292655211534,1,0.0,0.909091,0.005827,0.00055062,0.868199,0,0,0,0,0,0,SAFE
instrumental,instrument3.wav,sequential,0,10%,103.3454100818105,1,0.0,0.941176,0.016708,0.00523956,0.92941,0,1,0,0,1,1,SUSPICIOUS
instrumental,instrument3.wav,sequential,1,10%,103.30087200588108,1,0.0,1.0,0.012445,0.0032388,0.932329,0,0,0,0,0,0,SAFE
instrumental,instrument3.wav,uniform,0,10%,103.32877571343036,1,0.0,1.0,0.010434,0.00286842,0.929164,0,0,0,0,0,0,SAFE
instrumental,instrument3.wav,uniform,1,10%,103.33205278947268,1,0.0,1.0,0.011959,0.00426943,0.932309,0,0,0,0,0,0,SAFE
instrumental,instrument3.wav,adaptive,0,10%,103.342645706956,1,0.0,1.0,0.008682,0.00287376,0.930544,0,0,0,0,0,0,SAFE
instrumental,instrument3.wav,adaptive,1,10%,103.31680562845841,1,0.0,1.0,0.00936,0.00312481,0.933082,0,0,0,0,0,0,SAFE
instrumental,instrument3.wav,sequential,0,50%,96.33944794056517,1,0.0,0.588235,0.048597,0.0158438,0.864764,0,1,1,0,2,2,DETECTED
instrumental,instrument3.wav,sequential,1,50%,96.33199372095712,1,0.0,1.0,0.027087,0.00996448,0.93574,0,1,1,0,2,2,DETECTED
instrumental,instrument3.wav,uniform,0,50%,96.33306419913639,1,0.0,1.0,0.035119,0.01222006,0.86463,0,1,1,0,2,2,DETECTED
instrumental,instrument3.wav,uniform,1,50%,96.32493814319486,1,0.0,1.0,0.033812,0.01202976,0.934356,0,1,1,0,2,2,DETECTED
instrumental,instrument3.wav,adaptive,0,50%,96.33023989653682,1,0.0,1.0,0.026587,0.00989591,0.874789,0,1,1,0,2,2,DETECTED
instrumental,instrument3.wav,adaptive,1,50%,96.31985039100839,1,0.0,1.0,0.019554,0.00573873,0.934644,0,1,0,0,1,1,SUSPICIOUS
instrumental,instrument4.wav,sequential,0,10%,103.32200362129649,1,0.0,0.897959,3.4e-05,-0.00030244,0.957251,0,0,0,0,0,0,SAFE
instrumental,instrument4.wav,sequential,1,10%,103.32384425344732,1,0.0,1.0,0.000884,-1.485e-05,0.97019,0,0,0,0,0,0,SAFE
instrumental,instrument4.wav,uniform,0,10%,103.3206703171737,1,0.0,1.0,0.001512,-0.00102225,0.960335,0,0,0,0,0,0,SAFE
instrumental,instrument4.wav,uniform,1,10%,103.31041756298704,1,0.0,1.0,0.00339,-0.00130865,0.970243,0,0,0,0,0,0,SAFE
instrumental,instrument4.wav,adaptive,0,10%,103.31608687444808,1,0.0,1.0,0.001856,-0.00042362,0.965038,0,0,0,0,0,0,SAFE
instrumental,instrument4.wav,adaptive,1,10%,103.3253119829422,1,0.0,1.0,0.00176,-0.00062757,0.970044,0,0,0,0,0,0,SAFE
instrumental,instrument4.wav,sequential,0,50%,96.32741502001622,1,0.0,0.489796,0.00897,0.00177441,0.870553,0,0,0,0,0,0,SAFE
instrumental,instrument4.wav,sequential,1,50%,96.32661588837564,1,0.0,1.0,0.00568,0.00114648,0.970831,0,0,0,0,0,0,SAFE
instrumental,instrument4.wav,uniform,0,50%,96.32966403278536,1,0.0,0.673469,0.003542,0.00210979,0.871201,0,0,0,0,0,0,SAFE
instrumental,instrument4.wav,uniform,1,50%,96.33277833302063,1,0.0,1.0,0.005553,0.00151805,0.970482,0,0,0,0,0,0,SAFE
instrumental,instrument4.wav,adaptive,0,50%,96.32963204813727,1,0.0,1.0,0.004377,0.00155343,0.879906,0,0,0,0,0,0,SAFE
instrumental,instrument4.wav,adaptive,1,50%,96.3281023908539,1,0.0,1.0,0.006748,0.00222474,0.970317,0,0,0,0,0,0,SAFE
instrumental,instrument5.wav,sequential,0,10%,103.3406556283463,1,0.0,0.941176,0.007571,0.00528908,0.911642,0,0,0,0,0,0,SAFE
instrumental,instrument5.wav,sequential,1,10%,103.3290427592003,1,0.0,0.941176,0.0084,0.00384772,0.914652,0,0,0,0,0,0,SAFE
instrumental,instrument5.wav,uniform,0,10%,103.33002826733701,1,0.0,0.941176,0.007725,0.002782,0.913715,0,0,0,0,0,0,SAFE
instrumental,instrument5.wav,uniform,1,10%,103.31950248117019,1,0.0,0.941176,0.006854,0.00311954,0.916677,0,0,0,0,0,0,SAFE
instrumental,instrument5.wav,adaptive,0,10%,103.32184774935288,1,0.0,0.941176,0.00202,0.00123797,0.915149,0,0,0,0,0,0,SAFE
instrumental,instrument5.wav,adaptive,1,10%,103.33328961915885,1,0.0,0.941176,5.6e-05,3.948e-05,0.917872,0,0,0,0,0,0,SAFE
instrumental,instrument5.wav,sequential,0,50%,96.33308616799705,1,0.0,0.764706,0.020617,0.00997979,0.855774,0,1,1,0,2,2,DETECTED
instrumental,instrument5.wav,sequential,1,50%,96.33619059177654,1,0.0,0.941176,0.013171,0.00590416,0.925118,0,0,0,0,0,0,SAFE
instrumental,instrument5.wav,uniform,0,50%,96.34179932135365,1,0.0,0.823529,0.024574,0.01071232,0.86208,0,1,1,0,2,2,DETECTED
instrumental,instrument5.wav,uniform,1,50%,96.3244811086321,1,0.0,1.0,0.023842,0.00988098,0.924658,0,1,1,0,2,2,DETECTED
instrumental,instrument5.wav,adaptive,0,50%,96.32398256814338,1,0.0,0.941176,0.007857,0.0034573,0.85637,0,0,0,0,0,0,SAFE
instrumental,instrument5.wav,adaptive,1,50%,96.33245041351489,1,0.0,0.941176,0.001414,0.00170591,0.916816,0,0,0,0,0,0,SAFE
instrumental,instrument6.wav,sequential,0,10%,103.3541750996953,1,0.0,0.888889,0.002229,5.542e-05,0.918062,0,0,0,0,0,0,SAFE
instrumental,instrument6.wav,sequential,1,10%,103.3225189930566,1,0.0,1.0,0.003932,0.00024635,0.921188,0,0,0,0,0,0,SAFE
instrumental,instrument6.wav,uniform,0,10%,103.35873546713762,1,0.0,1.0,0.001911,-0.00121457,0.918553,0,0,0,0,0,0,SAFE
instrumental,instrument6.wav,uniform,1,10%,103.3125491118343,1,0.0,1.0,0.001739,-0.00030469,0.921665,0,0,0,0,0,0,SAFE
instrumental,instrument6.wav,adaptive,0,10%,103.34493493054724,1,0.0,1.0,0.002131,-0.00073832,0.919436,0,0,0,0,0,0,SAFE
instrumental,instrument6.wav,adaptive,1,10%,103.31201802717219,1,0.0,1.0,0.00278,-0.00103026,0.921683,0,0,0,0,0,0,SAFE
instrumental,instrument6.wav,sequential,0,50%,96.33202051640228,1,0.0,0.444444,0.00643,0.00040038,0.861137,0,0,0,0,0,0,SAFE
instrumental,instrument6.wav,sequential,1,50%,96.32361925661041,1,0.0,1.0,0.003111,0.00082266,0.921812,0,0,0,0,0,0,SAFE
instrumental,instrument6.wav,uniform,0,50%,96.34550710576796,1,0.0,1.0,0.001519,-0.00156148,0.861275,0,0,0,0,0,0,SAFE
instrumental,instrument6.wav,uniform,1,50%,96.33204712848062,1,0.0,1.0,0.002756,-0.00229444,0.924656,0,0,0,0,0,0,SAFE
instrumental,instrument6.wav,adaptive,0,50%,96.33303189003486,1,0.0,1.0,0.003613,-0.00022776,0.86666,0,0,0,0,0,0,SAFE
instrumental,instrument6.wav,adaptive,1,50%,96.33135526743585,1,0.0,1.0,0.002707,0.00238231,0.922148,0,0,0,0,0,0,SAFE
instrumental,instrument7.wav,sequential,0,10%,103.34366023083908,1,0.0,0.909091,0.010637,0.00415669,0.956231,0,0,0,0,0,0,SAFE
instrumental,instrument7.wav,sequential,1,10%,103.32009554625218,1,0.0,1.0,0.007244,0.00290027,0.965035,0,0,0,0,0,0,SAFE
instrumental,instrument7.wav,uniform,0,10%,103.33057061329465,1,0.0,1.0,0.005565,0.00271499,0.956683,0,0,0,0,0,0,SAFE
instrumental,instrument7.wav,uniform,1,10%,103.32953785556998,1,0.0,1.0,0.006178,0.00275825,0.964665,0,0,0,0,0,0,SAFE
instrumental,instrument7.wav,adaptive,0,10%,103.33541991288894,1,0.0,1.0,0.004645,0.0025326,0.959075,0,0,0,0,0,0,SAFE
instrumental,instrument7.wav,adaptive,1,10%,103.31989739841642,1,0.0,1.0,0.002146,0.00129144,0.96467,0,0,0,0,0,0,SAFE
instrumental,instrument7.wav,sequential,0,50%,96.32886603605282,1,0.0,0.484848,0.042871,0.01268927,0.867659,0,1,1,0,2,2,DETECTED
instrumental,instrument7.wav,sequential,1,50%,96.33986958570875,1,0.0,1.0,0.025822,0.00855115,0.96614,0,1,1,0,2,2,DETECTED
instrumental,instrument7.wav,uniform,0,50%,96.32900865785548,1,0.0,0.909091,0.019042,0.00624123,0.871234,0,1,0,0,1,1,SUSPICIOUS
instrumental,instrument7.wav,uniform,1,50%,96.32587205961858,1,0.0,1.0,0.020647,0.00584937,0.965233,0,1,0,0,1,1,SUSPICIOUS
instrumental,instrument7.wav,adaptive,0,50%,96.34183204977343,1,0.0,1.0,0.01999,0.00674616,0.875779,0,1,0,0,1,1,SUSPICIOUS
instrumental,instrument7.wav,adaptive,1,50%,96.33299604024407,1,0.0,1.0,0.013776,0.00425477,0.965871,0,0,0,0,0,0,SAFE
instrumental,instrument8.wav,sequential,0,10%,103.42543473828906,1,0.0,0.85,0.015222,0.00940095,0.880165,0,0,1,0,1,1,SUSPICIOUS
instrumental,instrument8.wav,sequential,1,10%,103.31029326458079,1,0.0,0.9,0.015745,0.00631093,0.88369,0,0,0,0,0,0,SAFE
instrumental,instrument8.wav,uniform,0,10%,103.37668022119632,1,0.0,0.85,0.016622,0.00712836,0.879408,0,1,0,0,1,1,SUSPICIOUS
instrumental,instrument8.wav,uniform,1,10%,103.30587698944592,1,0.0,0.85,0.021375,0.0103724,0.882929,0,1,1,0,2,2,DETECTED
instrumental,instrument8.wav,adaptive,0,10%,103.34937797815786,1,0.0,0.85,0.005204,0.00189195,0.879516,0,0,0,0,0,0,SAFE
instrumental,instrument8.wav,adaptive,1,10%,103.33675293651525,1,0.0,0.85,0.007115,0.0028413,0.882862,0,0,0,0,0,0,SAFE
instrumental,instrument8.wav,sequential,0,50%,96.34848631341787,1,0.0,0.85,0.012519,0.00970087,0.811732,0,0,1,0,1,1,SUSPICIOUS
instrumental,instrument8.wav,sequential,1,50%,96.33105198037765,1,0.0,0.85,0.010791,0.00611452,0.894038,0,0,0,0,0,0,SAFE
instrumental,instrument8.wav,uniform,0,50%,96.38687303689099,1,0.0,0.8,0.055951,0.02763997,0.815371,0,1,1,0,2,2,DETECTED
instrumental,instrument8.wav,uniform,1,50%,96.32811781707181,1,0.0,0.85,0.082189,0.04372626,0.879228,0,1,1,0,2,2,DETECTED
instrumental,instrument8.wav,adaptive,0,50%,96.3527894150585,1,0.0,0.85,0.013116,0.00672467,0.815273,0,0,0,0,0,0,SAFE
instrumental,instrument8.wav,adaptive,1,50%,96.3343850563087,1,0.0,0.85,0.040285,0.0191934,0.882522,0,1,1,0,2,2,DETECTED
instrumental,instrument9.wav,sequential,0,10%,103.37532164388848,1,0.0,0.947368,0.009182,0.00498222,0.886188,0,0,0,0,0,0,SAFE
instrumental,instrument9.wav,sequential,1,10%,103.2976218137001,1,0.0,0.947368,0.008222,0.00414578,0.890737,0,0,0,0,0,0,SAFE
instrumental,instrument9.wav,uniform,0,10%,103.3574062036602,1,0.0,0.947368,0.01859,0.00880302,0.887539,0,1,1,0,2,2,DETECTED
instrumental,instrument9.wav,uniform,1,10%,103.33090378739632,1,0.0,0.947368,0.018339,0.00894023,0.889756,0,1,1,0,2,2,DETECTED
instrumental,instrument9.wav,adaptive,0,10%,103.33729762207562,1,0.0,0.947368,0.00747,0.00307728,0.888894,0,0,0,0,0,0,SAFE
instrumental,instrument9.wav,adaptive,1,10%,103.33629796469685,1,0.0,0.947368,0.008503,0.00394351,0.891237,0,0,0,0,0,0,SAFE
instrumental,instrument9.wav,sequential,0,50%,96.3331183765978,1,0.0,0.947368,0.013522,0.00644424,0.835535,0,0,0,0,0,0,SAFE
instrumental,instrument9.wav,sequential,1,50%,96.33338410333695,1,0.0,0.947368,0.014353,0.00492409,0.890559,0,0,0,0,0,0,SAFE
instrumental,instrument9.wav,uniform,0,50%,96.3527728170875,1,0.0,0.894737,0.052126,0.02497972,0.836276,0,1,1,0,2,2,DETECTED
instrumental,instrument9.wav,uniform,1,50%,96.3227942038595,1,0.0,1.0,0.056087,0.02786136,0.886834,0,1,1,0,2,2,DETECTED
instrumental,instrument9.wav,adaptive,0,50%,96.33400862517978,1,0.0,0.947368,0.019323,0.00661415,0.839468,0,1,0,0,1,1,SUSPICIOUS
instrumental,instrument9.wav,adaptive,1,50%,96.3271040165213,1,0.0,0.947368,0.019684,0.0085471,0.890783,0,1,1,0,2,2,DETECTED
short_voice,shortvoice1.wav,sequential,0,10%,103.5607971807118,1,0.0,0.5,0.009778,0.01287741,0.876992,0,0,1,0,1,1,SUSPICIOUS
short_voice,shortvoice1.wav,sequential,1,10%,103.33924604336548,1,0.0,0.5,0.010122,0.00877237,0.884866,0,0,1,0,1,1,SUSPICIOUS
short_voice,shortvoice1.wav,uniform,0,10%,103.41657375505993,1,0.0,0.5,0.002162,0.00303917,0.881286,0,0,0,0,0,0,SAFE
short_voice,shortvoice1.wav,uniform,1,10%,103.37638615848009,1,0.0,0.5,0.002113,0.00029168,0.885623,0,0,0,0,0,0,SAFE
short_voice,shortvoice1.wav,adaptive,0,10%,103.3655881797225,1,0.0,0.5,0.005307,0.00278415,0.88373,0,0,0,0,0,0,SAFE
short_voice,shortvoice1.wav,adaptive,1,10%,103.35159082469076,1,0.0,0.5,0.002948,0.00133297,0.884601,0,0,0,0,0,0,SAFE
short_voice,shortvoice1.wav,sequential,0,50%,96.37200742687342,1,0.0,0.5,0.024813,0.016832,0.826905,0,1,1,0,2,2,DETECTED
short_voice,shortvoice1.wav,sequential,1,50%,96.33627430479245,1,0.0,0.5,0.018475,0.01130663,0.887242,0,1,1,0,2,2,DETECTED
short_voice,shortvoice1.wav,uniform,0,50%,96.34483204508021,1,0.0,0.5,0.023487,0.01320255,0.833333,0,1,1,0,2,2,DETECTED
short_voice,shortvoice1.wav,uniform,1,50%,96.3546943385429,1,0.0,0.5,0.005356,0.00723979,0.884442,0,0,0,0,0,0,SAFE
short_voice,shortvoice1.wav,adaptive,0,50%,96.35072528864877,1,0.0,0.5,0.023241,0.00887556,0.866404,0,1,1,0,2,2,DETECTED
short_voice,shortvoice1.wav,adaptive,1,50%,96.30358961146663,1,0.0,0.5,0.010564,0.00441849,0.887832,0,0,0,0,0,0,SAFE
short_voice,shortvoice10.wav,sequential,0,10%,103.43359599588455,1,0.0,0.5,0.043031,0.02497322,0.87465,0,1,1,0,2,2,DETECTED
short_voice,shortvoice10.wav,sequential,1,10%,103.37383591738917,1,0.0,0.5,0.036269,0.016429,0.881241,0,1,1,0,2,2,DETECTED
short_voice,shortvoice10.wav,uniform,0,10%,103.35885736129936,1,0.0,0.5,0.022532,0.00974809,0.882251,0,1,1,0,2,2,DETECTED
short_voice,shortvoice10.wav,uniform,1,10%,103.37350249872416,1,0.0,0.5,0.025958,0.01202032,0.887992,0,1,1,0,2,2,DETECTED
short_voice,shortvoice10.wav,adaptive,0,10%,103.41403314830592,1,0.0,0.5,0.013798,0.0063125,0.89115,0,0,0,0,0,0,SAFE
short_voice,shortvoice10.wav,adaptive,1,10%,103.32740460268393,1,0.0,0.5,0.009674,0.00432199,0.894263,0,0,0,0,0,0,SAFE
short_voice,shortvoice10.wav,sequential,0,50%,96.33005794746403,1,0.0,0.25,0.075479,0.04476392,0.885002,0,1,1,0,2,2,DETECTED
short_voice,shortvoice10.wav,sequential,1,50%,96.33671501506267,1,0.0,0.75,0.054373,0.02977483,0.921333,0,1,1,0,2,2,DETECTED
short_voice,shortvoice10.wav,uniform,0,50%,96.35615130063216,1,0.0,0.25,0.092401,0.04226999,0.8256,0,1,1,0,2,2,DETECTED
short_voice,shortvoice10.wav,uniform,1,50%,96.32722684443075,1,0.0,0.5,0.101074,0.04578947,0.866277,0,1,1,0,2,2,DETECTED
short_voice,shortvoice10.wav,adaptive,0,50%,96.37687314425051,1,0.0,0.5,0.072295,0.03343357,0.846385,0,1,1,0,2,2,DETECTED
short_voice,shortvoice10.wav,adaptive,1,50%,96.32617388168612,1,0.0,0.5,0.071598,0.03198034,0.874874,0,1,1,0,2,2,DETECTED
short_voice,shortvoice11.wav,sequential,0,10%,103.34279508764666,1,0.0,0.666667,0.01702,0.00294814,0.918069,0,1,0,0,1,1,SUSPICIOUS
short_voice,shortvoice11.wav,sequential,1,10%,103.33501778725875,1,0.0,1.0,0.010107,-0.00014785,0.93021,0,0,0,0,0,0,SAFE
short_voice,shortvoice11.wav,uniform,0,10%,103.40792428376787,1,0.0,0.666667,0.019221,0.00270329,0.924262,0,1,0,0,1,1,SUSPICIOUS
short_voice,shortvoice11.wav,uniform,1,10%,103.29868338673862,1,0.0,0.666667,0.010603,0.0002001,0.926633,0,0,0,0,0,0,SAFE
short_voice,shortvoice11.wav,adaptive,0,10%,103.34787475388801,1,0.0,0.666667,0.00496,-0.0013899,0.924038,0,0,0,0,0,0,SAFE
short_voice,shortvoice11.wav,adaptive,1,10%,103.37745456051098,1,0.0,0.666667,0.004929,-0.00282809,0.924968,0,0,0,0,0,0,SAFE
short_voice,shortvoice11.wav,sequential,0,50%,96.33843125220999,1,0.0,0.333333,0.083767,0.03464703,0.860308,0,1,1,0,2,2,DETECTED
short_voice,shortvoice11.wav,sequential,1,50%,96.32610337990741,1,0.0,0.666667,0.049262,0.01667017,0.915812,0,1,1,0,2,2,DETECTED
short_voice,shortvoice11.wav,uniform,0,50%,96.35648082821022,1,0.0,0.333333,0.08479,0.03410029,0.858887,0,1,1,0,2,2,DETECTED
short_voice,shortvoice11.wav,uniform,1,50%,96.34308856613518,1,0.0,1.0,0.081597,0.03082192,0.936833,0,1,1,0,2,2,DETECTED
short_voice,shortvoice11.wav,adaptive,0,50%,96.34917083894534,1,0.0,0.666667,0.046534,0.01895391,0.88648,0,1,1,0,2,2,DETECTED
short_voice,shortvoice11.wav,adaptive,1,50%,96.33162301789153,1,0.0,0.666667,0.034443,0.01374418,0.930323,0,1,1,0,2,2,DETECTED
short_voice,shortvoice2.wav,sequential,0,10%,103.55144020720948,1,0.0,1.0,0.03732,0.0112922,0.869468,0,1,1,0,2,2,DETECTED
short_voice,shortvoice2.wav,sequential,1,10%,103.38164795743077,1,0.0,1.0,0.03099,0.00699771,0.877081,0,1,0,0,1,1,SUSPICIOUS
short_voice,shortvoice2.wav,uniform,0,10%,103.4699606990045,1,0.0,1.0,0.017763,0.00753254,0.877279,0,1,0,0,1,1,SUSPICIOUS
short_voice,shortvoice2.wav,uniform,1,10%,103.30428672381373,1,0.0,1.0,0.015684,0.00341436,0.879478,0,0,0,0,0,0,SAFE
short_voice,shortvoice2.wav,adaptive,0,10%,103.47421119586352,1,0.0,1.0,0.009354,0.00040755,0.880938,0,0,0,0,0,0,SAFE
short_voice,shortvoice2.wav,adaptive,1,10%,103.35467305816847,1,0.0,1.0,0.010582,0.00189669,0.882157,0,0,0,0,0,0,SAFE
short_voice,shortvoice2.wav,sequential,0,50%,96.36311170839767,1,0.0,1.0,0.029195,0.00823841,0.846792,0,1,0,0,1,1,SUSPICIOUS
short_voice,shortvoice2.wav,sequential,1,50%,96.32605212695181,1,0.0,1.0,0.024187,0.01616717,0.900748,0,1,1,0,2,2,DETECTED
short_voice,shortvoice2.wav,uniform,0,50%,96.3509295270045,1,0.0,1.0,0.024093,0.01246974,0.830892,0,1,1,0,2,2,DETECTED
short_voice,shortvoice2.wav,uniform,1,50%,96.36001130266499,1,0.0,1.0,0.030423,0.0106555,0.890163,0,1,1,0,2,2,DETECTED
short_voice,shortvoice2.wav,adaptive,0,50%,96.3759502519952,1,0.0,1.0,0.00548,0.00264291,0.871045,0,0,0,0,0,0,SAFE
short_voice,shortvoice2.wav,adaptive,1,50%,96.33652027417432,1,0.0,1.0,0.000661,0.00353501,0.879002,0,0,0,0,0,0,SAFE
short_voice,shortvoice3.wav,sequential,0,10%,103.46176759339103,1,0.0,0.333333,0.022845,0.01788619,0.822716,0,1,1,0,2,2,DETECTED
short_voice,shortvoice3.wav,sequential,1,10%,103.3620124763377,1,0.0,0.333333,0.023907,0.01537195,0.824842,0,1,1,0,2,2,DETECTED
short_voice,shortvoice3.wav,uniform,0,10%,103.37034266939523,1,0.0,0.333333,0.029334,0.01666639,0.806504,0,1,1,0,2,2,DETECTED
short_voice,shortvoice3.wav,uniform,1,10%,103.41349804030325,1,0.0,0.333333,0.022389,0.01490803,0.810639,0,1,1,0,2,2,DETECTED
short_voice,shortvoice3.wav,adaptive,0,10%,103.36700867455227,1,0.0,0.333333,0.020757,0.01178138,0.81885,0,1,1,0,2,2,DETECTED
short_voice,shortvoice3.wav,adaptive,1,10%,103.38328612841984,1,0.0,0.333333,0.015786,0.01056422,0.816738,0,0,1,0,1,1,SUSPICIOUS
short_voice,shortvoice3.wav,sequential,0,50%,96.35139094015754,1,0.0,0.333333,0.073125,0.05363052,0.833109,0,1,1,0,2,2,DETECTED
short_voice,shortvoice3.wav,sequential,1,50%,96.33477551358814,1,0.0,0.333333,0.062462,0.03892069,0.786774,0,1,1,0,2,2,DETECTED
short_voice,shortvoice3.wav,uniform,0,50%,96.34683810944492,1,0.0,0.333333,0.084737,0.04909143,0.739918,0,1,1,0,2,2,DETECTED
short_voice,shortvoice3.wav,uniform,1,50%,96.3402243187522,1,0.0,0.333333,0.076389,0.03934754,0.776818,0,1,1,0,2,2,DETECTED
short_voice,shortvoice3.wav,adaptive,0,50%,96.33238350175706,1,0.0,0.333333,0.064473,0.03494474,0.813722,0,1,1,0,2,2,DETECTED
short_voice,shortvoice3.wav,adaptive,1,50%,96.32612102450749,1,0.0,0.333333,0.04808,0.02504889,0.83821,0,1,1,0,2,2,DETECTED
short_voice,shortvoice4.wav,sequential,0,10%,103.54751213865221,1,0.0,1.0,0.010164,0.00504837,0.861396,0,0,0,0,0,0,SAFE
short_voice,shortvoice4.wav,sequential,1,10%,103.3310127281947,1,0.0,1.0,0.009389,0.00312956,0.861816,0,0,0,0,0,0,SAFE
short_voice,shortvoice4.wav,uniform,0,10%,103.39912539377715,1,0.0,1.0,0.005121,-0.0004903,0.865147,0,0,0,0,0,0,SAFE
short_voice,shortvoice4.wav,uniform,1,10%,103.30658333592561,1,0.0,1.0,0.002483,-0.00109762,0.87063,0,0,0,0,0,0,SAFE
short_voice,shortvoice4.wav,adaptive,0,10%,103.45787310631394,1,0.0,1.0,0.007526,-0.00488161,0.868353,0,0,0,0,0,0,SAFE
short_voice,shortvoice4.wav,adaptive,1,10%,103.32510338454155,1,0.0,1.0,0.007759,-0.00350006,0.867985,0,0,0,0,0,0,SAFE
short_voice,shortvoice4.wav,sequential,0,50%,96.37438418076714,1,0.0,0.0,0.001086,0.00326778,0.837564,0,0,0,0,0,0,SAFE
short_voice,shortvoice4.wav,sequential,1,50%,96.3116782392896,1,0.0,1.0,0.00644,-0.00402589,0.884816,0,0,0,0,0,0,SAFE
short_voice,shortvoice4.wav,uniform,0,50%,96.39999627476809,1,0.0,1.0,0.000155,-0.00035307,0.826398,0,0,0,0,0,0,SAFE
short_voice,shortvoice4.wav,uniform,1,50%,96.35180044325296,1,0.0,1.0,0.003181,0.00234041,0.866253,0,0,0,0,0,0,SAFE
short_voice,shortvoice4.wav,adaptive,0,50%,96.38273419790188,1,0.0,1.0,0.000698,-0.00076466,0.854047,0,0,0,0,0,0,SAFE
short_voice,shortvoice4.wav,adaptive,1,50%,96.32512337930035,1,0.0,1.0,0.010708,0.00041222,0.867851,0,0,0,0,0,0,SAFE
short_voice,shortvoice5.wav,sequential,0,10%,105.38928331246711,1,0.0,0.0,0.078889,0.08104227,0.51472,0,1,1,0,2,2,DETECTED
short_voice,shortvoice5.wav,sequential,1,10%,103.95445469687829,1,0.0,0.0,0.09,0.0606684,0.520847,0,1,1,0,2,2,DETECTED
short_voice,shortvoice5.wav,uniform,0,10%,104.52839352102006,1,0.0,0.0,0.01,0.01916078,0.521248,0,0,1,0,1,1,SUSPICIOUS
short_voice,shortvoice5.wav,uniform,1,10%,103.63809736610824,1,0.0,0.0,0.019444,0.02394011,0.527932,0,1,1,0,2,2,DETECTED
short_voice,shortvoice5.wav,adaptive,0,10%,104.22079988296467,1,0.0,0.0,0.019444,0.01410922,0.526143,0,1,1,0,2,2,DETECTED
short_voice,shortvoice5.wav,adaptive,1,10%,103.77660848508054,1,0.0,0.0,0.023333,0.01647122,0.524015,0,1,1,0,2,2,DETECTED
short_voice,shortvoice5.wav,sequential,0,50%,96.60447662603752,1,0.0,1.0,0.071111,0.08192937,0.779101,0,1,1,0,2,2,DETECTED
short_voice,shortvoice5.wav,sequential,1,50%,96.49031554536589,1,0.0,0.0,0.038889,0.03985246,0.519115,0,1,1,0,2,2,DETECTED
short_voice,shortvoice5.wav,uniform,0,50%,96.63672796108581,1,0.0,0.0,0.079444,0.04051188,0.50332,0,1,1,0,2,2,DETECTED
short_voice,shortvoice5.wav,uniform,1,50%,96.37420032027633,1,0.0,0.0,0.076111,0.04681601,0.524382,0,1,1,0,2,2,DETECTED
short_voice,shortvoice5.wav,adaptive,0,50%,96.52046628135004,1,0.0,0.0,0.017222,0.0094163,0.530128,0,1,1,0,2,2,DETECTED
short_voice,shortvoice5.wav,adaptive,1,50%,96.44176269684645,1,0.0,0.0,0.026667,0.01207055,0.526667,0,1,1,0,2,2,DETECTED
short_voice,shortvoice6.wav,sequential,0,10%,103.58562655358948,1,0.0,1.0,0.001507,0.00692429,0.856891,0,0,0,0,0,0,SAFE
short_voice,shortvoice6.wav,sequential,1,10%,103.35801771837863,1,0.0,1.0,0.000754,0.00489262,0.859265,0,0,0,0,0,0,SAFE
short_voice,shortvoice6.wav,uniform,0,10%,103.48245219774505,1,0.0,1.0,0.013566,-0.00203156,0.863668,0,0,0,0,0,0,SAFE
short_voice,shortvoice6.wav,uniform,1,10%,103.33097343690513,1,0.0,1.0,0.005168,0.00066064,0.863382,0,0,0,0,0,0,SAFE
short_voice,shortvoice6.wav,adaptive,0,10%,103.55096204374601,1,0.0,1.0,0.019488,0.00011005,0.863753,0,1,0,0,1,1,SUSPICIOUS
short_voice,shortvoice6.wav,adaptive,1,10%,103.35448063810789,1,0.0,1.0,0.017334,-0.00214114,0.863075,0,1,0,0,1,1,SUSPICIOUS
short_voice,shortvoice6.wav,sequential,0,50%,96.37870976024881,1,0.0,1.0,0.001184,0.0046427,0.830948,0,0,0,0,0,0,SAFE
short_voice,shortvoice6.wav,sequential,1,50%,96.38060190484644,1,0.0,1.0,0.011413,0.00592136,0.865406,0,0,0,0,0,0,SAFE
short_voice,shortvoice6.wav,uniform,0,50%,96.3867570743311,1,0.0,1.0,0.015504,0.00372738,0.818668,0,0,0,0,0,0,SAFE
short_voice,shortvoice6.wav,uniform,1,50%,96.32139182875092,1,0.0,1.0,0.018088,0.00453166,0.856433,0,1,0,0,1,1,SUSPICIOUS
short_voice,shortvoice6.wav,adaptive,0,50%,96.34010136686962,1,0.0,1.0,0.003445,0.00508708,0.85429,0,0,0,0,0,0,SAFE
short_voice,shortvoice6.wav,adaptive,1,50%,96.37563678242853,1,0.0,1.0,0.02304,-0.00443687,0.869967,0,1,0,0,1,1,SUSPICIOUS
short_voice,shortvoice7.wav,sequential,0,10%,103.49216639769756,1,0.0,0.0,0.065226,0.02903342,0.848812,0,1,1,0,2,2,DETECTED
short_voice,shortvoice7.wav,sequential,1,10%,103.34069953773526,1,0.0,0.0,0.059881,0.02355537,0.849608,0,1,1,0,2,2,DETECTED
short_voice,shortvoice7.wav,uniform,0,10%,103.39724487660911,1,0.0,0.0,0.0506,0.02041592,0.849328,0,1,1,0,2,2,DETECTED
short_voice,shortvoice7.wav,uniform,1,10%,103.32569675242557,1,0.0,0.0,0.052273,0.01950645,0.850673,0,1,1,0,2,2,DETECTED
short_voice,shortvoice7.wav,adaptive,0,10%,103.30790360717015,1,0.0,0.0,0.03522,0.01174153,0.857347,0,1,1,0,2,2,DETECTED
short_voice,shortvoice7.wav,adaptive,1,10%,103.31216731837152,1,0.0,0.0,0.034007,0.01112145,0.855868,0,1,1,0,2,2,DETECTED
short_voice,shortvoice7.wav,sequential,0,50%,96.39523673766848,1,0.0,0.0,0.168328,0.07427088,0.81703,0,1,1,0,2,2,DETECTED
short_voice,shortvoice7.wav,sequential,1,50%,96.33236098383814,1,0.0,0.333333,0.12632,0.05126531,0.916069,0,1,1,0,2,2,DETECTED
short_voice,shortvoice7.wav,uniform,0,50%,96.33992100333242,1,0.0,0.0,0.128714,0.05417576,0.83052,0,1,1,0,2,2,DETECTED
short_voice,shortvoice7.wav,uniform,1,50%,96.34663619906753,1,0.0,0.0,0.131436,0.0539636,0.909227,0,1,1,0,2,2,DETECTED
short_voice,shortvoice7.wav,adaptive,0,50%,96.31912701274737,1,0.0,0.0,0.078802,0.02971429,0.83202,0,1,1,0,2,2,DETECTED
short_voice,shortvoice7.wav,adaptive,1,50%,96.33357255409294,1,0.0,0.0,0.068932,0.02767412,0.900869,0,1,1,0,2,2,DETECTED
short_voice,shortvoice8.wav,sequential,0,10%,103.41753168493241,1,0.0,1.0,0.011516,0.00669334,0.910653,0,0,0,0,0,0,SAFE
short_voice,shortvoice8.wav,sequential,1,10%,103.30773852806409,1,0.0,1.0,0.010851,0.00569087,0.914222,0,0,0,0,0,0,SAFE
short_voice,shortvoice8.wav,uniform,0,10%,103.36641507518178,1,0.0,1.0,0.013657,0.00447998,0.906875,0,0,0,0,0,0,SAFE
short_voice,shortvoice8.wav,uniform,1,10%,103.33792419133306,1,0.0,1.0,0.01386,0.00508883,0.910417,0,0,0,0,0,0,SAFE
short_voice,shortvoice8.wav,adaptive,0,10%,103.33760867352848,1,0.0,1.0,0.009028,0.00331693,0.908728,0,0,0,0,0,0,SAFE
short_voice,shortvoice8.wav,adaptive,1,10%,103.33067307492767,1,0.0,1.0,0.009983,0.00363932,0.910644,0,0,0,0,0,0,SAFE
short_voice,shortvoice8.wav,sequential,0,50%,96.34538531260496,1,0.0,0.5,0.040625,0.012269,0.85792,0,1,1,0,2,2,DETECTED
short_voice,shortvoice8.wav,sequential,1,50%,96.3150314256819,1,0.0,1.0,0.036227,0.01025932,0.913105,0,1,1,0,2,2,DETECTED
short_voice,shortvoice8.wav,uniform,0,50%,96.35833283992466,1,0.0,1.0,0.015654,0.00670088,0.854142,0,0,0,0,0,0,SAFE
short_voice,shortvoice8.wav,uniform,1,50%,96.33467753895384,1,0.0,1.0,0.020399,0.00920436,0.907455,0,1,1,0,2,2,DETECTED
short_voice,shortvoice8.wav,adaptive,0,50%,96.34084703224002,1,0.0,1.0,0.004109,-0.00027544,0.869262,0,0,0,0,0,0,SAFE
short_voice,shortvoice8.wav,adaptive,1,50%,96.33725758724539,1,0.0,1.0,0.010966,0.00403696,0.908258,0,0,0,0,0,0,SAFE
short_voice,shortvoice9.wav,sequential,0,10%,103.4979205362442,1,0.0,0.5,0.014334,0.02029962,0.847428,0,0,1,0,1,1,SUSPICIOUS
short_voice,shortvoice9.wav,sequential,1,10%,103.32464374527999,1,0.0,0.5,0.015358,0.01570966,0.85396,0,0,1,0,1,1,SUSPICIOUS
short_voice,shortvoice9.wav,uniform,0,10%,103.45133218150835,1,0.0,0.5,0.011441,0.01047394,0.838672,0,0,1,0,1,1,SUSPICIOUS
short_voice,shortvoice9.wav,uniform,1,10%,103.29089886051732,1,0.0,0.5,0.014913,0.01517601,0.846554,0,0,1,0,1,1,SUSPICIOUS
short_voice,shortvoice9.wav,adaptive,0,10%,103.3899817471198,1,0.0,0.0,0.005743,0.00433096,0.836828,0,0,0,0,0,0,SAFE
short_voice,shortvoice9.wav,adaptive,1,10%,103.3826187419896,1,0.0,0.5,0.004363,0.0026249,0.837861,0,0,0,0,0,0,SAFE
short_voice,shortvoice9.wav,sequential,0,50%,96.3531783549804,1,0.0,0.0,0.036058,0.02343389,0.811051,0,1,1,0,2,2,DETECTED
short_voice,shortvoice9.wav,sequential,1,50%,96.35385878547372,1,0.0,1.0,0.025151,0.01613956,0.856503,0,1,1,0,2,2,DETECTED
short_voice,shortvoice9.wav,uniform,0,50%,96.38576400868453,1,0.0,1.0,0.068821,0.04214282,0.826737,0,1,1,0,2,2,DETECTED
short_voice,shortvoice9.wav,uniform,1,50%,96.30283181015213,1,0.0,1.0,0.057158,0.03277021,0.882804,0,1,1,0,2,2,DETECTED
short_voice,shortvoice9.wav,adaptive,0,50%,96.36651476453721,1,0.0,0.0,0.042423,0.02413429,0.822907,0,1,1,0,2,2,DETECTED
short_voice,shortvoice9.wav,adaptive,1,50%,96.31880986097539,1,0.0,0.0,0.039307,0.01632204,0.822969,0,1,1,0,2,2,DETECTED
speech,speech1.wav,sequential,0,10%,103.33502021863333,1,0.0,0.892308,0.008095,0.00266739,0.962772,0,0,0,0,0,0,SAFE
speech,speech1.wav,sequential,1,10%,103.31118263809755,1,0.0,0.984615,0.006007,0.0019248,0.978383,0,0,0,0,0,0,SAFE
speech,speech1.wav,uniform,0,10%,103.32810693051445,1,0.0,0.984615,0.004998,0.00190432,0.964569,0,0,0,0,0,0,SAFE
speech,speech1.wav,uniform,1,10%,103.31746627339398,1,0.0,0.984615,0.003932,0.00161627,0.977674,0,0,0,0,0,0,SAFE
speech,speech1.wav,adaptive,0,10%,103.32554998904969,1,0.0,0.984615,0.002623,0.0008505,0.968523,0,0,0,0,0,0,SAFE
speech,speech1.wav,adaptive,1,10%,103.31981744467154,1,0.0,0.984615,0.001594,0.00038827,0.97755,0,0,0,0,0,0,SAFE
speech,speech1.wav,sequential,0,50%,96.33615991981517,1,0.0,0.492308,0.026784,0.00840958,0.873693,0,1,0,0,1,1,SUSPICIOUS
speech,speech1.wav,sequential,1,50%,96.33154480129204,1,0.0,0.984615,0.01903,0.00544238,0.978172,0,1,0,0,1,1,SUSPICIOUS
speech,speech1.wav,uniform,0,50%,96.33216415735556,1,0.0,0.538462,0.019726,0.00656393,0.872931,0,1,0,0,1,1,SUSPICIOUS
speech,speech1.wav,uniform,1,50%,96.32819617822206,1,0.0,0.984615,0.016583,0.00557764,0.977999,0,1,0,0,1,1,SUSPICIOUS
speech,speech1.wav,adaptive,0,50%,96.33283187386515,1,0.0,0.984615,0.018147,0.0067519,0.874683,0,1,0,0,1,1,SUSPICIOUS
speech,speech1.wav,adaptive,1,50%,96.3268341520958,1,0.0,0.984615,0.014168,0.00478721,0.977018,0,0,0,0,0,0,SAFE
speech,speech10.wav,sequential,0,10%,103.32788869235515,1,0.0,0.9,0.001388,-0.00082301,0.919927,0,0,0,0,0,0,SAFE
speech,speech10.wav,sequential,1,10%,103.32216972744779,1,0.0,1.0,0.001186,-0.00069514,0.923295,0,0,0,0,0,0,SAFE
speech,speech10.wav,uniform,0,10%,103.35966230622158,1,0.0,1.0,0.006066,0.00099345,0.919682,0,0,0,0,0,0,SAFE
speech,speech10.wav,uniform,1,10%,103.32776693380575,1,0.0,1.0,0.002742,-0.00084626,0.92308,0,0,0,0,0,0,SAFE
speech,speech10.wav,adaptive,0,10%,103.32764517866987,1,0.0,1.0,0.002529,-0.00025606,0.920412,0,0,0,0,0,0,SAFE
speech,speech10.wav,adaptive,1,10%,103.30832940181918,1,0.0,1.0,0.000112,-0.00193763,0.92243,0,0,0,0,0,0,SAFE
speech,speech10.wav,sequential,0,50%,96.3285073314466,1,0.0,0.5,0.036104,0.0128824,0.862502,0,1,1,0,2,2,DETECTED
speech,speech10.wav,sequential,1,50%,96.33093779400278,1,0.0,1.0,0.028393,0.01011728,0.926921,0,1,1,0,2,2,DETECTED
speech,speech10.wav,uniform,0,50%,96.34003979935358,1,0.0,0.9,0.037056,0.01691511,0.861063,0,1,1,0,2,2,DETECTED
speech,speech10.wav,uniform,1,50%,96.32185482487445,1,0.0,1.0,0.028908,0.00990953,0.925556,0,1,1,0,2,2,DETECTED
speech,speech10.wav,adaptive,0,50%,96.3422085973635,1,0.0,1.0,0.017325,0.00880984,0.871863,0,1,1,0,2,2,DETECTED
speech,speech10.wav,adaptive,1,50%,96.32331070698316,1,0.0,1.0,0.01174,0.00335517,0.921843,0,0,0,0,0,0,SAFE
speech,speech11.wav,sequential,0,10%,103.33238116105552,1,0.0,0.928571,0.000216,8.232e-05,0.93564,0,0,0,0,0,0,SAFE
speech,speech11.wav,sequential,1,10%,103.32327182497107,1,0.0,1.0,0.000354,-6.498e-05,0.940999,0,0,0,0,0,0,SAFE
speech,speech11.wav,uniform,0,10%,103.33595498219191,1,0.0,0.964286,0.004726,-0.00153989,0.936124,0,0,0,0,0,0,SAFE
speech,speech11.wav,uniform,1,10%,103.32036461814705,1,0.0,0.964286,0.004238,-0.00062453,0.941068,0,0,0,0,0,0,SAFE
speech,speech11.wav,adaptive,0,10%,103.3408973415268,1,0.0,0.964286,0.006547,-0.00213015,0.936722,0,0,0,0,0,0,SAFE
speech,speech11.wav,adaptive,1,10%,103.32181797829523,1,0.0,0.964286,0.005322,-0.00111862,0.9401,0,0,0,0,0,0,SAFE
speech,speech11.wav,sequential,0,50%,96.33544843224031,1,0.0,0.535714,0.000682,0.00027192,0.865636,0,0,0,0,0,0,SAFE
speech,speech11.wav,sequential,1,50%,96.33368435778337,1,0.0,1.0,0.002892,0.00068929,0.940372,0,0,0,0,0,0,SAFE
speech,speech11.wav,uniform,0,50%,96.32929604797333,1,0.0,0.964286,0.005969,-0.00188636,0.865959,0,0,0,0,0,0,SAFE
speech,speech11.wav,uniform,1,50%,96.32818092378923,1,0.0,1.0,0.002093,-0.0002577,0.940266,0,0,0,0,0,0,SAFE
speech,speech11.wav,adaptive,0,50%,96.33282134836024,1,0.0,0.964286,0.010855,-0.00445525,0.875145,0,0,0,0,0,0,SAFE
speech,speech11.wav,adaptive,1,50%,96.33193037726153,1,0.0,0.964286,0.002374,-8.555e-05,0.940801,0,0,0,0,0,0,SAFE
speech,speech2.wav,sequential,0,10%,103.35222038440203,1,0.0,0.888889,0.004449,0.00388583,0.93692,0,0,0,0,0,0,SAFE
speech,speech2.wav,sequential,1,10%,103.33021402964405,1,0.0,0.888889,0.002155,0.00320836,0.941958,0,0,0,0,0,0,SAFE
speech,speech2.wav,uniform,0,10%,103.33666683748555,1,0.0,0.888889,0.000819,0.00312832,0.935041,0,0,0,0,0,0,SAFE
speech,speech2.wav,uniform,1,10%,103.32157953295845,1,0.0,0.888889,0.005722,0.00404615,0.939848,0,0,0,0,0,0,SAFE
speech,speech2.wav,adaptive,0,10%,103.32692267304921,1,0.0,0.888889,0.002319,0.00025195,0.934447,0,0,0,0,0,0,SAFE
speech,speech2.wav,adaptive,1,10%,103.32651142880677,1,0.0,0.888889,0.005356,-0.00020545,0.93805,0,0,0,0,0,0,SAFE
speech,speech2.wav,sequential,0,50%,96.33670172689177,1,0.0,0.444444,0.023253,0.01034117,0.863443,0,1,1,0,2,2,DETECTED
speech,speech2.wav,sequential,1,50%,96.32249696461778,1,0.0,0.888889,0.015578,0.00745807,0.941075,0,0,0,0,0,0,SAFE
speech,speech2.wav,uniform,0,50%,96.32651556495927,1,0.0,1.0,0.030223,0.01520609,0.859761,0,1,1,0,2,2,DETECTED
speech,speech2.wav,uniform,1,50%,96.33475574815775,1,0.0,1.0,0.030639,0.01481031,0.944206,0,1,1,0,2,2,DETECTED
speech,speech2.wav,adaptive,0,50%,96.32416409573,1,0.0,0.888889,0.011545,0.00517314,0.864721,0,0,0,0,0,0,SAFE
speech,speech2.wav,adaptive,1,50%,96.33911485493539,1,0.0,0.888889,0.010398,0.00537405,0.939193,0,0,0,0,0,0,SAFE
speech,speech3.wav,sequential,0,10%,103.48368672968242,1,0.0,0.291667,0.020994,0.01383025,0.801802,0,1,1,0,2,2,DETECTED
speech,speech3.wav,sequential,1,10%,103.33429223283522,1,0.0,0.291667,0.01816,0.00921735,0.806636,0,1,1,0,2,2,DETECTED
speech,speech3.wav,uniform,0,10%,103.47928498165254,1,0.0,0.291667,0.023637,0.01194701,0.802368,0,1,1,0,2,2,DETECTED
speech,speech3.wav,uniform,1,10%,103.33080230298106,1,0.0,0.291667,0.033906,0.0182702,0.806741,0,1,1,0,2,2,DETECTED
speech,speech3.wav,adaptive,0,10%,103.35962357344528,1,0.0,0.291667,0.004191,0.00089546,0.802426,0,0,0,0,0,0,SAFE
speech,speech3.wav,adaptive,1,10%,103.31958809442965,1,0.0,0.291667,0.008577,0.00354253,0.806777,0,0,0,0,0,0,SAFE
speech,speech3.wav,sequential,0,50%,96.46977594775629,1,0.0,0.208333,0.082227,0.06566751,0.785373,0,1,1,0,2,2,DETECTED
speech,speech3.wav,sequential,1,50%,96.32994241909192,1,0.0,0.541667,0.074797,0.04238697,0.871764,0,1,1,0,2,2,DETECTED
speech,speech3.wav,uniform,0,50%,96.49263182707821,1,0.0,0.333333,0.08852,0.04974188,0.796257,0,1,1,0,2,2,DETECTED
speech,speech3.wav,uniform,1,50%,96.32651856222815,1,0.0,0.5,0.120183,0.07328743,0.882217,0,1,1,0,2,2,DETECTED
speech,speech3.wav,adaptive,0,50%,96.3870771727972,1,0.0,0.291667,0.01817,0.00751427,0.729285,0,1,0,0,1,1,SUSPICIOUS
speech,speech3.wav,adaptive,1,50%,96.32721398452284,1,0.0,0.291667,0.042373,0.02543057,0.806349,0,1,1,0,2,2,DETECTED
speech,speech4.wav,sequential,0,10%,103.33418812587463,1,0.0,0.909091,0.001919,0.00080053,0.95896,0,0,0,0,0,0,SAFE
speech,speech4.wav,sequential,1,10%,103.32199134153231,1,0.0,1.0,0.001692,0.0006715,0.966768,0,0,0,0,0,0,SAFE
speech,speech4.wav,uniform,0,10%,103.32662803306117,1,0.0,0.977273,0.002997,0.00093511,0.95751,0,0,0,0,0,0,SAFE
speech,speech4.wav,uniform,1,10%,103.30565381679322,1,0.0,0.977273,0.005034,0.00122855,0.965816,0,0,0,0,0,0,SAFE
speech,speech4.wav,adaptive,0,10%,103.31068787971316,1,0.0,0.977273,0.001282,1.309e-05,0.959683,0,0,0,0,0,0,SAFE
speech,speech4.wav,adaptive,1,10%,103.31074713872485,1,0.0,0.977273,0.002401,0.00084539,0.965439,0,0,0,0,0,0,SAFE
speech,speech4.wav,sequential,0,50%,96.33630947807144,1,0.0,0.5,0.011765,0.0024982,0.872185,0,0,0,0,0,0,SAFE
speech,speech4.wav,sequential,1,50%,96.32675159600106,1,0.0,0.977273,0.004413,0.00256952,0.965042,0,0,0,0,0,0,SAFE
speech,speech4.wav,uniform,0,50%,96.33333709361224,1,0.0,0.886364,0.00271,0.00042734,0.871592,0,0,0,0,0,0,SAFE
speech,speech4.wav,uniform,1,50%,96.3278969570058,1,0.0,0.977273,0.007541,0.00209746,0.966729,0,0,0,0,0,0,SAFE
speech,speech4.wav,adaptive,0,50%,96.32895356814538,1,0.0,0.977273,0.00339,-5.787e-05,0.874097,0,0,0,0,0,0,SAFE
speech,speech4.wav,adaptive,1,50%,96.3271254371119,1,0.0,0.977273,0.008689,0.00257298,0.966011,0,0,0,0,0,0,SAFE
speech,speech5.wav,sequential,0,10%,103.33273053929553,1,0.0,0.875,0.010136,0.00319548,0.958395,0,0,0,0,0,0,SAFE
speech,speech5.wav,sequential,1,10%,103.32427985222658,1,0.0,0.975,0.010078,0.00317918,0.965194,0,0,0,0,0,0,SAFE
speech,speech5.wav,uniform,0,10%,103.30651150644815,1,0.0,0.975,0.00734,0.00233001,0.958485,0,0,0,0,0,0,SAFE
speech,speech5.wav,uniform,1,10%,103.32270333456705,1,0.0,0.975,0.007863,0.00305191,0.965356,0,0,0,0,0,0,SAFE
speech,speech5.wav,adaptive,0,10%,103.33065744818066,1,0.0,0.975,0.005887,0.00133609,0.959372,0,0,0,0,0,0,SAFE
speech,speech5.wav,adaptive,1,10%,103.31905982788994,1,0.0,0.975,0.007618,0.00233854,0.96484,0,0,0,0,0,0,SAFE
speech,speech5.wav,sequential,0,50%,96.33424475097614,1,0.0,0.475,0.022619,0.00747699,0.87271,0,1,0,0,1,1,SUSPICIOUS
speech,speech5.wav,sequential,1,50%,96.33025888856253,1,0.0,0.975,0.021661,0.00714209,0.964869,0,1,0,0,1,1,SUSPICIOUS
speech,speech5.wav,uniform,0,50%,96.33260268416485,1,0.0,0.925,0.012946,0.00434318,0.873177,0,0,0,0,0,0,SAFE
speech,speech5.wav,uniform,1,50%,96.3333513896245,1,0.0,1.0,0.016385,0.00690513,0.964082,0,0,0,0,0,0,SAFE
speech,speech5.wav,adaptive,0,50%,96.33319375669576,1,0.0,0.95,0.006824,-2.468e-05,0.874573,0,0,0,0,0,0,SAFE
speech,speech5.wav,adaptive,1,50%,96.33153895628746,1,0.0,0.975,0.013928,0.00402822,0.964376,0,0,0,0,0,0,SAFE
speech,speech6.wav,sequential,0,10%,103.67714731619157,1,0.0,0.285714,0.039788,0.03708555,0.784069,0,1,1,0,2,2,DETECTED
speech,speech6.wav,sequential,1,10%,103.32109886149837,1,0.0,0.309524,0.036751,0.02485212,0.788645,0,1,1,0,2,2,DETECTED
speech,speech6.wav,uniform,0,10%,103.53422477809406,1,0.0,0.309524,0.036835,0.02308158,0.782176,0,1,1,0,2,2,DETECTED
speech,speech6.wav,uniform,1,10%,103.32463988649954,1,0.0,0.309524,0.045529,0.02927774,0.788304,0,1,1,0,2,2,DETECTED
speech,speech6.wav,adaptive,0,10%,103.41315076332137,1,0.0,0.309524,0.016419,0.01080458,0.782546,0,0,1,0,1,1,SUSPICIOUS
speech,speech6.wav,adaptive,1,10%,103.3254645049763,1,0.0,0.309524,0.020341,0.01389331,0.788902,0,1,1,0,2,2,DETECTED
speech,speech6.wav,sequential,0,50%,96.50992882469151,1,0.0,0.142857,0.14546,0.11956648,0.709717,0,1,1,0,2,2,DETECTED
speech,speech6.wav,sequential,1,50%,96.33573391739873,1,0.0,0.547619,0.123501,0.07740797,0.786129,0,1,1,0,2,2,DETECTED
speech,speech6.wav,uniform,0,50%,96.52151096010141,1,0.0,0.238095,0.155002,0.09983513,0.785984,0,1,1,0,2,2,DETECTED
speech,speech6.wav,uniform,1,50%,96.33017234315969,1,0.0,0.404762,0.180216,0.1178157,0.785716,0,1,1,0,2,2,DETECTED
speech,speech6.wav,adaptive,0,50%,96.45536456921593,1,0.0,0.238095,0.109371,0.06829499,0.754033,0,1,1,0,2,2,DETECTED
speech,speech6.wav,adaptive,1,50%,96.32757409281899,1,0.0,0.333333,0.12858,0.08279996,0.786958,0,1,1,0,2,2,DETECTED
speech,speech7.wav,sequential,0,10%,103.3341107759465,1,0.0,0.888889,0.000296,-0.00042974,0.954123,0,0,0,0,0,0,SAFE
speech,speech7.wav,sequential,1,10%,103.32916048768183,1,0.0,1.0,0.001252,0.00020754,0.961177,0,0,0,0,0,0,SAFE
speech,speech7.wav,uniform,0,10%,103.31834689359695,1,0.0,1.0,0.00027,6.308e-05,0.95431,0,0,0,0,0,0,SAFE
speech,speech7.wav,uniform,1,10%,103.33583393883872,1,0.0,1.0,0.000955,-0.00056407,0.961641,0,0,0,0,0,0,SAFE
speech,speech7.wav,adaptive,0,10%,103.31455776846201,1,0.0,1.0,0.000481,-0.00091546,0.956068,0,0,0,0,0,0,SAFE
speech,speech7.wav,adaptive,1,10%,103.31748868890708,1,0.0,1.0,0.001028,-0.00109107,0.961396,0,0,0,0,0,0,SAFE
speech,speech7.wav,sequential,0,50%,96.33105072597388,1,0.0,0.5,0.014792,0.00428095,0.871753,0,0,0,0,0,0,SAFE
speech,speech7.wav,sequential,1,50%,96.32017236272256,1,0.0,1.0,0.007603,0.00328247,0.961807,0,0,0,0,0,0,SAFE
speech,speech7.wav,uniform,0,50%,96.33321248839273,1,0.0,1.0,0.008091,0.00352815,0.87142,0,0,0,0,0,0,SAFE
speech,speech7.wav,uniform,1,50%,96.33249655385322,1,0.0,1.0,0.010515,0.00302356,0.960445,0,0,0,0,0,0,SAFE
speech,speech7.wav,adaptive,0,50%,96.32398597927192,1,0.0,0.944444,0.002491,-0.00141726,0.873442,0,0,0,0,0,0,SAFE
speech,speech7.wav,adaptive,1,50%,96.33069292209035,1,0.0,1.0,0.003413,-0.00140236,0.960582,0,0,0,0,0,0,SAFE
speech,speech8.wav,sequential,0,10%,103.35226302702051,1,0.0,0.703704,0.022369,0.01962333,0.904256,0,1,1,0,2,2,DETECTED
speech,speech8.wav,sequential,1,10%,103.32294382141916,1,0.0,0.777778,0.019513,0.01375657,0.9108,0,1,1,0,2,2,DETECTED
speech,speech8.wav,uniform,0,10%,103.3549119717925,1,0.0,0.740741,0.037226,0.02416455,0.907014,0,1,1,0,2,2,DETECTED
speech,speech8.wav,uniform,1,10%,103.32490504798588,1,0.0,0.777778,0.035871,0.02388932,0.912418,0,1,1,0,2,2,DETECTED
speech,speech8.wav,adaptive,0,10%,103.32031429789836,1,0.0,0.777778,0.007754,0.00762272,0.902828,0,0,0,0,0,0,SAFE
speech,speech8.wav,adaptive,1,10%,103.32921328789513,1,0.0,0.777778,0.005466,0.00671205,0.907934,0,0,0,0,0,0,SAFE
speech,speech8.wav,sequential,0,50%,96.33924505154802,1,0.0,0.37037,0.113562,0.08989438,0.853321,0,1,1,0,2,2,DETECTED
speech,speech8.wav,sequential,1,50%,96.32559867182748,1,0.0,0.814815,0.098168,0.05910912,0.890262,0,1,1,0,2,2,DETECTED
speech,speech8.wav,uniform,0,50%,96.36281336020184,1,0.0,0.703704,0.157394,0.10061896,0.86345,0,1,1,0,2,2,DETECTED
speech,speech8.wav,uniform,1,50%,96.33037528587356,1,0.0,0.703704,0.161993,0.10112531,0.935243,0,1,1,0,2,2,DETECTED
speech,speech8.wav,adaptive,0,50%,96.33703309111891,1,0.0,0.740741,0.077876,0.04956533,0.822885,0,1,1,0,2,2,DETECTED
speech,speech8.wav,adaptive,1,50%,96.32792900316757,1,0.0,0.703704,0.07216,0.04407655,0.898871,0,1,1,0,2,2,DETECTED
speech,speech9.wav,sequential,0,10%,103.34524198986674,1,0.0,0.888889,0.012627,0.00654408,0.928976,0,0,0,0,0,0,SAFE
speech,speech9.wav,sequential,1,10%,103.32940021841829,1,0.0,1.0,0.011227,0.00544939,0.932232,0,0,0,0,0,0,SAFE
speech,speech9.wav,uniform,0,10%,103.33177280340794,1,0.0,1.0,0.006789,0.00380817,0.931181,0,0,0,0,0,0,SAFE
speech,speech9.wav,uniform,1,10%,103.31691161475206,1,0.0,1.0,0.007146,0.00391543,0.933773,0,0,0,0,0,0,SAFE
speech,speech9.wav,adaptive,0,10%,103.34466491185783,1,0.0,1.0,0.002913,0.0019794,0.93056,0,0,0,0,0,0,SAFE
speech,speech9.wav,adaptive,1,10%,103.32365387135384,1,0.0,1.0,0.002008,0.00073702,0.93411,0,0,0,0,0,0,SAFE
speech,speech9.wav,sequential,0,50%,96.33866527130809,1,0.0,0.5,0.043655,0.01999187,0.864734,0,1,1,0,2,2,DETECTED
speech,speech9.wav,sequential,1,50%,96.33659620335277,1,0.0,1.0,0.031245,0.01136156,0.928477,0,1,1,0,2,2,DETECTED
speech,speech9.wav,uniform,0,50%,96.33424096484129,1,0.0,0.833333,0.041614,0.01536581,0.86439,0,1,1,0,2,2,DETECTED
speech,speech9.wav,uniform,1,50%,96.32914710577977,1,0.0,1.0,0.032163,0.01284256,0.939966,0,1,1,0,2,2,DETECTED
speech,speech9.wav,adaptive,0,50%,96.32529122697258,1,0.0,1.0,0.027461,0.01501538,0.874985,0,1,1,0,2,2,DETECTED
speech,speech9.wav,adaptive,1,50%,96.32660958102652,1,0.0,1.0,0.013744,0.00683226,0.931314,0,0,0,0,0,0,SAFE
