file,decile,mean_energy,fragile_fraction,mean_abs_diff,d_rs_per_bit,d_spa_per_bit,flips,domain
nature1.wav,0,24.980319234077854,0.23463157929121847,6.682740395451621,1.0444999999999999e-07,5.955849999999999e-08,20000,ambient
nature1.wav,1,42.94271581060939,0.1537546526713441,9.960504171473202,9.555e-08,3.80315e-08,20000,ambient
nature1.wav,2,66.07535446458192,0.14600333994568504,12.55214334968447,7.925000000000001e-08,3.0335e-08,20000,ambient
nature1.wav,3,109.48087150652727,0.13701652041766754,14.603673382682157,6.33e-08,1.49125e-08,20000,ambient
nature1.wav,4,168.03291301595686,0.13306160338104406,14.423833353489725,1.0169999999999999e-07,3.659949999999999e-08,20000,ambient
nature1.wav,5,246.75251376687365,0.12576036399412954,15.486485868097889,5.885000000000001e-08,2.1853499999999998e-08,20000,ambient
nature1.wav,6,353.2139305585837,0.12119498602690026,15.013423981434572,8.065e-08,2.19965e-08,20000,ambient
nature1.wav,7,528.1020569346827,0.10406112937700589,14.491682299803252,8.445e-08,2.58255e-08,20000,ambient
nature1.wav,8,918.304151833884,0.07914480090447466,16.120957148552122,8.534999999999999e-08,3.6098000000000003e-08,20000,ambient
nature1.wav,9,2428.0978928914765,0.03941296914953024,30.162181314680016,5.48e-08,1.0692e-08,20000,ambient
nature10.wav,0,36.75308128520856,0.09129615982968968,13.659207401948743,1.3755e-07,4.9745499999999994e-08,20000,ambient
nature10.wav,1,45.88901437185633,0.063127631341841,15.458152449912356,4.495e-08,1.084949999999999e-08,20000,ambient
nature10.wav,2,54.03230221506286,0.05666366317169069,17.164449541284405,7.604999999999998e-08,2.1199e-08,20000,ambient
nature10.wav,3,65.494876383884,0.04800907516084248,20.748983344458868,8.5e-09,6.72499999999996e-10,20000,ambient
nature10.wav,4,91.84622544909907,0.03413106229655864,30.70188547914918,5.549999999999999e-09,2.816999999999989e-09,20000,ambient
nature10.wav,5,149.64522100580345,0.020225427538516336,51.609354464947366,2.2400000000000002e-08,4.624999999999855e-10,20000,ambient
nature10.wav,6,265.2346536673198,0.010943615610107593,92.23103188510227,6.72e-08,1.37945e-08,20000,ambient
nature10.wav,7,496.4748007398276,0.0060263900204291345,168.4176632181414,2.6000000000000005e-08,1.4298999999999996e-08,20000,ambient
nature10.wav,8,1063.6442402038838,0.0024602411118161164,355.2062263339951,-8.200000000000004e-09,-5.255000000000016e-09,20000,ambient
nature10.wav,9,2944.5120020057025,0.0008142489474093381,1032.8302434154266,3.0999999999999996e-09,-9.5005e-09,20000,ambient
nature11.wav,0,101.51784560207001,0.05585938797886832,46.55753065089544,5.735e-08,6.12095e-08,20000,ambient
nature11.wav,1,128.09119962551543,0.017686523002453505,54.14332732700785,-4.86e-08,8.3415e-09,20000,ambient
nature11.wav,2,141.83099666007325,0.01659262609065759,57.69873244307299,1.5999999999999955e-09,2.31845e-08,20000,ambient
nature11.wav,3,156.26076721636585,0.01541633413141793,61.94197259909551,-2.1250000000000002e-08,3.6999999999999996e-09,20000,ambient
nature11.wav,4,172.911303445856,0.014371313236105847,66.84904468341215,1.5399999999999996e-08,6.699999999999987e-11,20000,ambient
nature11.wav,5,192.7644778887816,0.013533554569819176,71.93307042103653,-1.3300000000000003e-08,1.4397500000000002e-08,20000,ambient
nature11.wav,6,217.47002624740475,0.012434916180685316,80.78645192608207,-4.9149999999999993e-08,1.13695e-08,20000,ambient
nature11.wav,7,249.36438879013548,0.01063285078765552,90.34267171156314,4.49e-08,-4.0345000000000005e-09,20000,ambient
nature11.wav,8,298.37751005514656,0.008450179840570171,109.3648802281748,-4.465e-08,6.386e-09,20000,ambient
nature11.wav,9,431.998332819909,0.005555407883894633,182.10223013742325,-5.100000000000001e-08,9.889e-09,20000,ambient
nature2.wav,0,85.46966332862257,0.14110087348337985,9.720036226731436,6.925e-08,3.7459e-08,20000,ambient
nature2.wav,1,109.23366083539747,0.09462090240651722,10.84511134073109,2.7350000000000003e-08,1.8981e-08,20000,ambient
nature2.wav,2,118.82594928316749,0.09380861634537266,11.02771277850369,3.32e-08,2.5377500000000003e-08,20000,ambient
nature2.wav,3,126.98953787222324,0.09041963697358174,11.73398280716468,5.560000000000001e-08,3.4438e-08,20000,ambient
nature2.wav,4,134.80441956789755,0.08450551301971208,12.266875081899698,4.44e-08,4.01225e-08,20000,ambient
nature2.wav,5,142.63272751749398,0.08067348337071163,13.115676796872952,2.5499999999999968e-09,1.94575e-08,20000,ambient
nature2.wav,6,151.12155258334496,0.07935182654470982,13.6495100883975,-1.3900000000000002e-08,1.1791999999999999e-08,20000,ambient
nature2.wav,7,162.41665231415215,0.07783509786010573,14.167406669761451,8.7e-09,2.4384e-08,20000,ambient
nature2.wav,8,177.86532571445258,0.0686909450292748,15.846460819694224,2.765e-08,2.8278e-08,20000,ambient
nature2.wav,9,225.0896091466328,0.05401937200001496,22.52803103710161,-6.100000000000002e-09,1.3301e-08,20000,ambient
nature3.wav,0,103.86867193496576,0.10653110274655303,10.311009529275811,7.885000000000001e-08,1.2136500000000001e-08,20000,ambient
nature3.wav,1,134.891994299406,0.0875440552629218,11.459179514783344,4.75e-08,1.3564499999999999e-08,20000,ambient
nature3.wav,2,165.2259593426183,0.08197994524930023,12.325105348958814,6.8e-08,9.068500000000001e-09,20000,ambient
nature3.wav,3,233.554973619514,0.07070880465277155,14.144766272530457,6.204999999999999e-08,8.222500000000001e-09,20000,ambient
nature3.wav,4,625.8065369698741,0.04529971879753935,19.76990826345956,4.78e-08,5.023e-09,20000,ambient
nature3.wav,5,1001.2373914523879,0.02456052286510408,32.0010653991149,2.1499999999999997e-08,2.723e-09,20000,ambient
nature3.wav,6,1317.2747919053597,0.0162352796545489,44.70166937297347,2.005e-08,-1.4005000000000003e-09,20000,ambient
nature3.wav,7,1606.4102775264748,0.012924178664091734,55.353283934933444,1.2399999999999999e-08,-2.643e-09,20000,ambient
nature3.wav,8,1999.2227094763077,0.010717633259748309,68.07346636686317,4.0349999999999994e-08,2.1149999999999992e-10,20000,ambient
nature3.wav,9,2771.9160966630425,0.00854643958092234,89.82230164988786,1.2999999999999996e-08,-1.0045e-09,20000,ambient
nature4.wav,0,128.39247135354424,0.0358942418835359,46.73816898405324,3.654999999999999e-08,-3.8565000000000005e-09,20000,ambient
nature4.wav,1,174.0795350135922,0.02003143947900292,64.74835504154503,-5.4750000000000004e-08,-1.1567499999999998e-08,20000,ambient
nature4.wav,2,206.97115321748137,0.017477276172403532,77.40021446577249,6.7e-08,1.4013000000000003e-08,20000,ambient
nature4.wav,3,242.04462429434057,0.015232758572286823,91.15534830968596,4.125000000000001e-08,1.5148000000000008e-08,20000,ambient
nature4.wav,4,279.1618431665671,0.014064737093287667,103.66255860307122,6.05e-08,2.5365000000000002e-08,20000,ambient
nature4.wav,5,317.8474625616069,0.01313329253159795,121.94861788800485,6.095e-08,2.8147000000000004e-08,20000,ambient
nature4.wav,6,367.6131949431322,0.011683594122832135,143.83530118520264,3.2949999999999994e-08,2.155500000000003e-09,20000,ambient
nature4.wav,7,434.2068862307347,0.011322682414757099,179.0141407223613,-6.749999999999996e-09,7.5445e-09,20000,ambient
nature4.wav,8,562.6132601651956,0.006365029383535117,348.9900314883729,-4.799999999999999e-08,-1.2814499999999997e-08,20000,ambient
nature4.wav,9,1138.1170566415374,0.0014866760168302945,1225.920258064516,4.699999999999995e-09,7.5445e-09,20000,ambient
nature5.wav,0,446.5726465570704,0.0690351016940152,48.131728476839704,-2.86e-08,-1.7892499999999996e-08,20000,ambient
nature5.wav,1,651.9004345282717,0.018814220407935022,67.20049209433672,-8.950000000000006e-09,1.3560000000000026e-09,20000,ambient
nature5.wav,2,757.2954665888259,0.01741965429116267,72.76696249321948,-3.2050000000000006e-08,-4.804e-09,20000,ambient
nature5.wav,3,846.5169212442635,0.016542005116948845,79.11447145833041,-3.060000000000001e-08,-4.295499999999995e-09,20000,ambient
nature5.wav,4,938.2546557051978,0.014730431427157345,91.66249472215465,3.72e-08,6.667500000000003e-09,20000,ambient
nature5.wav,5,1033.6515394303103,0.014011570520617505,101.3293823556551,-8.600000000000003e-09,-1.4974999999999972e-09,20000,ambient
nature5.wav,6,1142.1628535775912,0.013264958029717533,116.83471090556267,-2.45e-09,-6.219999999999977e-10,20000,ambient
nature5.wav,7,1284.709631358823,0.011886320804836176,138.7162577802135,-4.1200000000000005e-08,-1.3396999999999999e-08,20000,ambient
nature5.wav,8,1485.1826364188112,0.010599244548700327,179.72951096970087,-1.43e-08,-2.797499999999996e-09,20000,ambient
nature5.wav,9,1995.036498656153,0.006960997733693632,378.5562622432241,-8.700000000000005e-09,1.186500000000001e-09,20000,ambient
nature6.wav,0,82.06508998207457,0.07193858044783367,14.460867079299145,-5.6299999999999995e-08,-1.4737500000000002e-08,20000,ambient
nature6.wav,1,101.02453075683822,0.060245405960449736,16.537908363856893,-3.8249999999999995e-08,-8.167e-09,20000,ambient
nature6.wav,2,113.61658360498353,0.0557835647310583,18.029039294538464,-3.0949999999999996e-08,-1.1185500000000001e-08,20000,ambient
nature6.wav,3,125.75024550176397,0.05097191926919114,19.904469002305316,-7.320000000000001e-08,-1.3636500000000003e-08,20000,ambient
nature6.wav,4,138.32276302341307,0.047338766648861934,21.710646656443302,-4.6099999999999996e-08,-9.552000000000003e-09,20000,ambient
nature6.wav,5,153.5298023974546,0.0445197218335826,23.36080996326494,-8.099999999999991e-09,-1.0511e-08,20000,ambient
nature6.wav,6,170.597445179584,0.04169552617341893,25.3699909372534,-7.75e-08,-1.75085e-08,20000,ambient
nature6.wav,7,192.02179995588253,0.039992281344975636,26.645134835254957,-1.2649999999999988e-08,-5.113000000000003e-09,20000,ambient
nature6.wav,8,224.74259295874288,0.036509101433695464,28.45332478835678,-2.0799999999999998e-08,-1.1789500000000003e-08,20000,ambient
nature6.wav,9,335.63324000006406,0.032175984905348544,32.365886914066536,-4.9149999999999993e-08,-1.4631000000000002e-08,20000,ambient
nature7.wav,0,280.08292748607647,0.03307467243353263,124.29151970024633,1.5765e-07,4.4591500000000006e-08,20000,ambient
nature7.wav,1,476.5581598399855,0.004272118924676408,230.3278995994165,-4.649999999999989e-09,2.22275e-08,20000,ambient
nature7.wav,2,519.0457038077384,0.0038671282520348735,243.7891373062094,4.3e-08,1.8502000000000002e-08,20000,ambient
nature7.wav,3,552.0287461546242,0.003785949150187561,250.52008752836568,1.2855000000000002e-07,3.9581e-08,20000,ambient
nature7.wav,4,588.6713820930901,0.003797922721535843,253.5117237705962,8.80000000000002e-09,-6.8625e-09,20000,ambient
nature7.wav,5,628.5882017757702,0.0036124072294457504,270.96596000879947,-1.4799999999999992e-08,-1.2443999999999997e-08,20000,ambient
nature7.wav,6,672.1859424440756,0.003160892923304928,288.6547679696184,-9.569999999999999e-08,-2.6623999999999994e-08,20000,ambient
nature7.wav,7,739.5249308388532,0.0029755702211416,325.63292810003475,4.7150000000000015e-08,3.375650000000001e-08,20000,ambient
nature7.wav,8,898.6734094696315,0.00193257958871929,491.07990695844376,1.0150000000000003e-08,-3.3734999999999963e-09,20000,ambient
nature7.wav,9,1655.4274459895764,0.0010407752619284408,1071.2131507736428,-3.789999999999999e-08,-4.652499999999995e-09,20000,ambient
nature8.wav,0,31.01709442522624,0.07588047412875293,14.692639647952303,2.7150000000000005e-08,1.7658000000000002e-08,20000,ambient
nature8.wav,1,40.36218460709211,0.052005783154432376,18.607049426655344,-2.2500000000000003e-09,2.990499999999999e-09,20000,ambient
nature8.wav,2,47.13285052807644,0.043510621978034465,22.230905155025766,-7.4500000000000005e-09,1.5099999999999987e-09,20000,ambient
nature8.wav,3,54.61148473707985,0.03626259986135891,26.781356182597133,-5.75e-09,6.359000000000003e-09,20000,ambient
nature8.wav,4,64.55621332267354,0.029300293201809213,33.0990522081051,2.965e-08,6.7944999999999976e-09,20000,ambient
nature8.wav,5,77.02167209540463,0.024263500478735343,39.81387565382178,-7.4500000000000005e-09,8.159500000000001e-09,20000,ambient
nature8.wav,6,96.02495360387373,0.019070077990709304,49.537184095009444,-1.235e-08,1.4809999999999975e-09,20000,ambient
nature8.wav,7,128.5542189222947,0.015146220263716407,65.15968451767058,-4.3000000000000005e-09,1.3354999999999996e-09,20000,ambient
nature8.wav,8,192.59427281559482,0.011242785074762533,94.97091305731037,-2.7000000000000006e-09,8.537000000000004e-09,20000,ambient
nature8.wav,9,292.11648880578025,0.006923905230290167,146.4702516414798,-7.000000000000001e-09,5.168499999999999e-09,20000,ambient
nature9.wav,0,222.15976897750738,0.009804526658261108,76.5166244919192,4.405e-08,2.7335499999999997e-08,20000,ambient
nature9.wav,1,281.7832260281119,0.009885971797200886,80.03792121206776,6.414999999999999e-08,2.1502e-08,20000,ambient
nature9.wav,2,339.30907970988534,0.009445194063020875,84.95196267781394,-2.9549999999999997e-08,2.7780999999999996e-08,20000,ambient
nature9.wav,3,416.08324132744434,0.009462748694793284,82.56424615493157,2.8550000000000004e-08,3.00085e-08,20000,ambient
nature9.wav,4,586.3984368089095,0.010325641274348145,74.12040702954845,-3.849999999999996e-09,1.5934499999999996e-08,20000,ambient
nature9.wav,5,889.2160815964746,0.012926321729622967,63.993589743589745,8.14e-08,-1.0766e-08,20000,ambient
nature9.wav,6,1259.1705711600453,0.014065255731922398,62.075282186948854,3.9849999999999996e-08,3.3820000000000013e-09,20000,ambient
nature9.wav,7,1732.4836210502785,0.014734929984832987,63.39207611724454,-4.085e-08,-7.386e-09,20000,ambient
nature9.wav,8,2583.690817924468,0.014293902385256381,68.15957850182973,-3.45e-08,2.3771999999999996e-08,20000,ambient
nature9.wav,9,4935.98093820969,0.01106978547883873,95.77078669510497,-1.0199999999999999e-08,1.5130000000000013e-09,20000,ambient
instrument1.wav,0,115.24795690951716,0.5069405274525719,11.17433174207927,8.763e-07,3.64158e-07,20000,instrumental
instrument1.wav,1,3805.604841870867,0.00425385462555066,310.54500275330395,-2.7249999999999996e-08,6.397999999999994e-09,20000,instrumental
instrument1.wav,2,5099.065590151303,0.0026450470804604033,407.42211920621037,-9.099999999999999e-09,-4.171000000000003e-09,20000,instrumental
instrument1.wav,3,5609.374506337142,0.0023146553505738418,435.66779184635095,2.5000000000000064e-10,6.47e-09,20000,instrumental
instrument1.wav,4,6046.671565438396,0.0022594511187038467,455.79999035600133,1.7050000000000007e-08,-6.184500000000004e-09,20000,instrumental
instrument1.wav,5,6452.301819748848,0.0020460181868283273,483.7710112978782,3.49e-08,7.97949999999999e-09,20000,instrumental
instrument1.wav,6,6920.436398094403,0.001797991209820752,517.0777062867693,7.400000000000007e-09,-3.092000000000004e-09,20000,instrumental
instrument1.wav,7,7409.885745094551,0.002011434869463388,544.2395191844045,-2.9199999999999993e-08,-2.2371000000000006e-08,20000,instrumental
instrument1.wav,8,8032.006352599999,0.0015703560851298298,595.3937323507129,-3.195e-08,-3.014450000000001e-08,20000,instrumental
instrument1.wav,9,9071.49832671136,0.0014663463193330534,665.2492169159914,2.3900000000000006e-08,-1.5104000000000007e-08,20000,instrumental
instrument10.wav,0,27.368219251679037,0.7200945234443017,1.7668711910783135,7.729999999999999e-07,3.7412800000000003e-07,20000,instrumental
instrument10.wav,1,2992.173582631151,0.01739920283032563,392.8614160752873,-2.7400000000000004e-08,-1.4383e-08,20000,instrumental
instrument10.wav,2,7320.236342353337,0.0017681043928678155,732.7175349470399,2.8499999999999987e-08,2.4774999999999994e-09,20000,instrumental
instrument10.wav,3,8368.910646943641,0.0011956061474082745,967.5294210443287,-2.09e-08,-4.247499999999999e-09,20000,instrumental
instrument10.wav,4,9186.629082731879,0.0010836350350416847,1018.3521564752383,9.250000000000002e-09,-1.2830000000000025e-09,20000,instrumental
instrument10.wav,5,9909.642770485023,0.0009508071480767953,1152.64292416794,7.099999999999999e-09,-5.9735e-09,20000,instrumental
instrument10.wav,6,10674.879845266116,0.0010338041501631668,1308.182900298101,5.8e-09,-4.557500000000001e-09,20000,instrumental
instrument10.wav,7,11571.876346236035,0.0009174959418448727,1384.8550314896231,-2.4899999999999998e-08,-1.7349500000000003e-08,20000,instrumental
instrument10.wav,8,12500.23158113262,0.0009838066259583813,1480.751524485162,2.1049999999999997e-08,1.9024999999999988e-09,20000,instrumental
instrument10.wav,9,13896.051120535383,0.0007677909616478039,1951.3012770231292,-4.265e-08,-2.5054e-08,20000,instrumental
instrument11.wav,0,185.64326762756588,0.5131434603522861,8.742336431188294,1.3098499999999998e-06,8.594364999999999e-07,20000,instrumental
instrument11.wav,1,570.1895587881298,0.04180686841914543,25.398780374170435,-1.2535e-07,4.9490999999999996e-08,20000,instrumental
instrument11.wav,2,771.2842339172423,0.030240891484910624,32.185287599163196,-8.315e-08,2.7385e-08,20000,instrumental
instrument11.wav,3,936.2120605958304,0.023078516677025068,39.5059250051792,-1.026e-07,2.46235e-08,20000,instrumental
instrument11.wav,4,1096.2545501006634,0.01845117845117845,45.798280238280235,-6.41e-08,-3.862500000000001e-09,20000,instrumental
instrument11.wav,5,1246.1853829575969,0.01669136007128278,51.71039298776381,-6.199999999999999e-09,9.0515e-09,20000,instrumental
instrument11.wav,6,1390.0915959070971,0.015054810701038191,56.64684916177964,-2.065000000000001e-08,9.935000000000001e-09,20000,instrumental
instrument11.wav,7,1576.4007337404855,0.013571191778551301,62.417215730150836,4.014999999999999e-08,4.525499999999999e-09,20000,instrumental
instrument11.wav,8,1882.3074416548595,0.011144946450396702,74.70583970335385,-9.06e-08,4.37415e-08,20000,instrumental
instrument11.wav,9,2504.45296958645,0.00848887646614284,96.90883774858432,-5.7899999999999996e-08,1.2143000000000002e-08,20000,instrumental
instrument2.wav,0,1883.4632471364491,0.33493150684931505,143.79405479452055,1.2514e-06,5.993139999999999e-07,20000,instrumental
instrument2.wav,1,4025.1873112068606,0.003153233435242182,295.4852552062626,1.0019999999999998e-07,5.4882e-08,20000,instrumental
instrument2.wav,2,4794.957167044407,0.003017046311660884,342.7699913602765,3.1749999999999996e-08,7.362000000000004e-09,20000,instrumental
instrument2.wav,3,5296.019987649801,0.002852441031267142,376.2849835436094,1.1060000000000002e-07,9.768500000000002e-09,20000,instrumental
instrument2.wav,4,5805.112390792801,0.0025370268787712562,416.5647970378497,3.7799999999999994e-08,-1.0015999999999997e-08,20000,instrumental
instrument2.wav,5,6403.36576449424,0.002358684621924796,459.82870738597404,-1.095e-08,-4.03885e-08,20000,instrumental
instrument2.wav,6,7029.167994443271,0.0021806511781002277,498.58082124146256,7.775e-08,2.4485e-08,20000,instrumental
instrument2.wav,7,7757.509887124082,0.0017690134664435973,560.9241518334659,0.0,-1.48725e-08,20000,instrumental
instrument2.wav,8,8692.875840018734,0.0016316568858662864,647.1846925903582,-2.63e-08,-2.9045e-08,20000,instrumental
instrument2.wav,9,10611.793569998023,0.0017951353203151765,797.7616581020898,7.555e-08,3.9335e-08,20000,instrumental
instrument3.wav,0,125.1303510111325,0.12103840098569375,15.05422171264289,2.432e-07,7.21885e-08,20000,instrumental
instrument3.wav,1,317.6586986119997,0.0957707185157293,50.45345394173827,1.1015e-07,4.3982e-08,20000,instrumental
instrument3.wav,2,1134.1070743913074,0.08365780398264545,88.46948834900776,1.3e-07,5.065250000000001e-08,20000,instrumental
instrument3.wav,3,1684.4747511614437,0.06621139380246976,113.61343739570229,1.1355000000000002e-07,4.638350000000001e-08,20000,instrumental
instrument3.wav,4,2438.1594326247086,0.03362322810381428,300.3512805587893,1.3065000000000005e-07,2.966850000000001e-08,20000,instrumental
instrument3.wav,5,3145.4237549578306,0.03129547516734862,427.5345226070432,7.730000000000002e-08,3.88245e-08,20000,instrumental
instrument3.wav,6,3932.014353539082,0.021733733939378375,455.7809421090025,1.765e-07,3.349049999999999e-08,20000,instrumental
instrument3.wav,7,5017.8237345868065,0.017109159691196356,554.0585340385834,1.5050000000000002e-08,8.879000000000005e-09,20000,instrumental
instrument3.wav,8,6113.926948700348,0.01694654136496688,272.2316027319879,-5.499999999999993e-09,2.9046499999999995e-08,20000,instrumental
instrument3.wav,9,12098.730087893864,0.012911671843314423,798.1418829307527,1.3305000000000002e-07,3.4468499999999995e-08,20000,instrumental
instrument4.wav,0,95.69061245341392,0.046085354620816706,44.2748756524409,-4.7000000000000004e-08,-1.7944000000000002e-08,20000,instrumental
instrument4.wav,1,169.6113810907489,0.015061101266250418,73.65936850251991,-5.360000000000001e-08,-1.7356999999999995e-08,20000,instrumental
instrument4.wav,2,231.16223678682937,0.011329112563088842,102.79058344315322,-2.3200000000000013e-08,-1.0437499999999998e-08,20000,instrumental
instrument4.wav,3,303.5406724697668,0.009468917249897077,134.10127931769722,-1.8500000000000004e-08,1.8500000000000722e-10,20000,instrumental
instrument4.wav,4,420.4645079737812,0.008362210916955442,194.8770859446042,2.099999999999997e-09,6.637000000000006e-09,20000,instrumental
instrument4.wav,5,635.3612371513469,0.006829744875387111,275.6712290468466,-1.8000000000000002e-08,-3.797999999999996e-09,20000,instrumental
instrument4.wav,6,1032.9936392986356,0.005781110329511002,289.72908955191787,-1.0000000000001328e-10,-1.6979999999999989e-09,20000,instrumental
instrument4.wav,7,1852.7947705175536,0.005541238300891697,316.64748632352354,5.400000000000001e-09,-1.2350000000000002e-09,20000,instrumental
instrument4.wav,8,4509.092839597953,0.0041834321344104185,570.3665263998525,1.29e-08,-8.954999999999999e-10,20000,instrumental
instrument4.wav,9,13912.213972596845,0.004787539499504049,659.8784597573372,1.3499999999999992e-08,4.940000000000044e-10,20000,instrumental
instrument5.wav,0,29.28552411530455,0.37564216428957037,3.2631001515072358,5.513e-07,2.48592e-07,20000,instrumental
instrument5.wav,1,1063.2716219404933,0.028679922312509255,84.44652888459227,1.0134999999999999e-07,4.3979e-08,20000,instrumental
instrument5.wav,2,2854.7253024016386,0.008039579468150896,251.05446532005888,-2.125e-08,-5.4805e-09,20000,instrumental
instrument5.wav,3,4055.578614439361,0.003599316739873109,379.3720455971554,3.1e-08,-1.5274999999999979e-09,20000,instrumental
instrument5.wav,4,4670.457367517459,0.0032862335579362106,447.59834729474113,3.2750000000000005e-08,8.178500000000001e-09,20000,instrumental
instrument5.wav,5,5124.6620171891955,0.002720210641952274,511.6537224164538,-2.5049999999999996e-08,-2.0479499999999998e-08,20000,instrumental
instrument5.wav,6,5549.958333549453,0.0026767575485434777,565.7072568902529,4.775e-08,2.7000000000000114e-10,20000,instrumental
instrument5.wav,7,5919.26668979184,0.0024064031248365214,612.244860236804,5.250000000000003e-09,1.7259000000000003e-08,20000,instrumental
instrument5.wav,8,6326.040026471382,0.002075014385603934,693.767458892047,1.0100000000000001e-08,-2.3173000000000002e-08,20000,instrumental
instrument5.wav,9,7066.223727704417,0.0017080163481564751,911.1363885911479,-7.649999999999999e-09,-1.0691e-08,20000,instrumental
instrument6.wav,0,668.0801812320697,0.03298049968597295,124.15321456472788,-2.284e-07,-3.69575e-08,20000,instrumental
instrument6.wav,1,1072.2556121284535,0.005500482632877258,182.61462913876844,8.939999999999998e-08,5.5342e-08,20000,instrumental
instrument6.wav,2,1493.7199604594543,0.004091703190609005,331.6541208201796,-5.88e-08,-3.77825e-08,20000,instrumental
instrument6.wav,3,1804.6828563673976,0.003111349528699517,422.71657598283394,-3.1250000000000025e-08,-2.762499999999998e-09,20000,instrumental
instrument6.wav,4,2214.613728098193,0.004797964314182353,327.8484119197989,6.124999999999998e-08,1.8716499999999998e-08,20000,instrumental
instrument6.wav,5,2597.829656872611,0.0049974706053684485,323.6938206122668,-1.5185e-07,-9.056499999999992e-09,20000,instrumental
instrument6.wav,6,2914.1576036826973,0.0041555494219032724,382.6220903486981,-6.735e-08,2.27035e-08,20000,instrumental
instrument6.wav,7,3438.7295705529505,0.0035416954141943794,465.7224905324809,9.554999999999998e-08,3.726600000000001e-08,20000,instrumental
instrument6.wav,8,4296.300477035446,0.005396290050590219,319.01047064234245,7.349999999999978e-09,1.9330000000000008e-08,20000,instrumental
instrument6.wav,9,5141.174163685517,0.005670324281248085,272.8559737632563,-2.8150000000000007e-08,-3.5015999999999994e-08,20000,instrumental
instrument7.wav,0,106.61736128794807,0.13882462456707143,12.19179819938215,1.6565e-07,5.8916e-08,20000,instrumental
instrument7.wav,1,293.5595059868142,0.05752184113710848,20.242890789749957,5.09e-08,1.3965999999999994e-08,20000,instrumental
instrument7.wav,2,453.62258407448735,0.040136588572576376,28.40395887734419,5.38e-08,1.4622499999999999e-08,20000,instrumental
instrument7.wav,3,598.6145527927692,0.03138853759091262,37.71832497066598,3.21e-08,6.7944999999999976e-09,20000,instrumental
instrument7.wav,4,781.4682982795385,0.025427017747318727,48.61617485241006,3.610000000000001e-08,1.9263999999999993e-08,20000,instrumental
instrument7.wav,5,1010.8856784046186,0.020340329554430357,63.38339352488095,1.2400000000000008e-08,-2.436500000000004e-09,20000,instrumental
instrument7.wav,6,1352.1036517794807,0.017483379602571597,87.94545404734073,3.445000000000001e-08,1.2371999999999997e-08,20000,instrumental
instrument7.wav,7,1799.9252310865043,0.012651523798653122,120.43006049537723,3.4500000000000024e-09,-5.625000000000042e-10,20000,instrumental
instrument7.wav,8,2624.2526764479708,0.009569858598033979,174.87009008268615,1.715000000000001e-08,5.669999999999997e-09,20000,instrumental
instrument7.wav,9,5133.306683920902,0.006642046206729694,393.84678100420433,-1.4249999999999994e-08,1.5459999999999963e-09,20000,instrumental
instrument8.wav,0,1.665382261303516,0.9857191767793967,0.1512610796211055,2.3870500000000003e-06,1.3070385e-06,20000,instrumental
instrument8.wav,1,452.8410396383056,0.1691527900392706,47.643116989862705,2.94e-07,1.0190350000000002e-07,20000,instrumental
instrument8.wav,2,1727.7326062923612,0.005889568682428056,194.87900098286462,4.93e-08,3.1307000000000004e-08,20000,instrumental
instrument8.wav,3,2152.249484422758,0.0050139063512020425,220.18218463062445,6.7000000000000004e-09,-5.114999999999997e-09,20000,instrumental
instrument8.wav,4,2483.553315448481,0.0044883371815680985,240.0955962477806,-3.344999999999999e-08,-2.24125e-08,20000,instrumental
instrument8.wav,5,2820.803629108001,0.00464095471068334,252.5830456551062,-1.8000000000000004e-09,-1.2273999999999998e-08,20000,instrumental
instrument8.wav,6,3199.0500964870675,0.0039930198355546415,269.8884926350121,-8.200000000000004e-09,-1.9430999999999997e-08,20000,instrumental
instrument8.wav,7,3682.685985309488,0.0038713610730071635,286.24617436366407,3.195000000000001e-08,4.12955e-08,20000,instrumental
instrument8.wav,8,4469.2390377047595,0.0032080101193288323,322.05215111937457,-8.200000000000004e-09,-2.1304999999999998e-08,20000,instrumental
instrument8.wav,9,6629.01807527065,0.0022771930359019666,440.56881083304137,-2.8899999999999997e-08,-5.114999999999981e-10,20000,instrumental
instrument9.wav,0,9.993971018912495,0.7717842323651453,2.052054438611372,1.7254000000000002e-06,8.450125000000001e-07,20000,instrumental
instrument9.wav,1,1658.9763737956198,0.01934408939094015,445.940431516115,-4.5549999999999974e-08,-4.052999999999999e-09,20000,instrumental
instrument9.wav,2,3410.7558576076635,0.00507031913185124,467.09983098936226,-5.044999999999997e-08,-9.428499999999994e-09,20000,instrumental
instrument9.wav,3,4459.6273321956405,0.004231031132125997,539.9180572451626,-1.7149999999999978e-08,-3.970499999999991e-09,20000,instrumental
instrument9.wav,4,5288.314076264491,0.004943524442131684,550.8122761639474,-2.9049999999999995e-08,-1.6704999999999996e-08,20000,instrumental
instrument9.wav,5,6097.826385496897,0.004492163585159789,678.3115893228847,1.860000000000004e-08,1.6715999999999996e-08,20000,instrumental
instrument9.wav,6,6774.767317446911,0.0034129170492806856,778.990625956535,1.8000000000000221e-09,-1.7035499999999984e-08,20000,instrumental
instrument9.wav,7,8565.359569772203,0.0020125343393454288,1208.8790489818718,9.000000000000327e-10,-1.7697000000000003e-08,20000,instrumental
instrument9.wav,8,11130.98881932593,0.0020197692566637083,1037.5724286195184,-2.4449999999999994e-08,1.1749999999999998e-08,20000,instrumental
instrument9.wav,9,12458.59141147667,0.0019046453458575875,1041.7404251413186,1.2200000000000015e-08,-1.8523499999999997e-08,20000,instrumental
shortvoice10.wav,0,2.4922290570586947,0.48739846656038865,1.8767934411295832,3.3388e-06,1.5531339999999999e-06,20000,short_voice
shortvoice10.wav,1,3.2007361835660832,0.41843513913670705,2.185794009339053,2.92635e-06,1.317465e-06,20000,short_voice
shortvoice10.wav,2,3.780629542137837,0.41287015945330297,2.2488990129081246,2.67315e-06,1.2886665e-06,20000,short_voice
shortvoice10.wav,3,4.487772230368307,0.3936162137543647,2.407279489904357,2.52605e-06,1.1779285e-06,20000,short_voice
shortvoice10.wav,4,12.365391614472168,0.29579602367582336,4.23543026255881,2.10605e-06,8.945135e-07,20000,short_voice
shortvoice10.wav,5,120.06247380094415,0.06181501004967955,36.810307558117486,5.443e-07,1.5376600000000003e-07,20000,short_voice
shortvoice10.wav,6,533.7128354337043,0.009216764650104304,183.39726910677035,1.334e-07,7.72195e-08,20000,short_voice
shortvoice10.wav,7,1527.550134949331,0.002807177269451083,559.276469026213,-1.4255e-07,-5.40125e-08,20000,short_voice
shortvoice10.wav,8,4260.698022396583,0.001251849322863321,1252.9928682523425,1.0599999999999997e-08,-2.8347499999999993e-08,20000,short_voice
shortvoice10.wav,9,9063.120525763845,0.0006067961165048543,1682.4465640169904,-1.2149999999999986e-08,-4.519249999999999e-08,20000,short_voice
shortvoice11.wav,0,6.4697434273719345,0.41354958870091574,2.4026462827875212,2.1593e-06,4.350284999999999e-07,20000,short_voice
shortvoice11.wav,1,10.030566046431098,0.3278484942564421,3.1680378764358896,2.21975e-06,3.728605e-07,20000,short_voice
shortvoice11.wav,2,12.81617740103992,0.3168639627401514,3.343178730836406,1.68185e-06,1.9031549999999998e-07,20000,short_voice
shortvoice11.wav,3,16.203688433109303,0.2564420987271034,4.680883266066439,1.45555e-06,1.5218199999999998e-07,20000,short_voice
shortvoice11.wav,4,43.227143163490645,0.18425135764158262,8.841427463149728,6.3555e-07,-2.1309650000000003e-07,20000,short_voice
shortvoice11.wav,5,761.7292461709135,0.07840248158200853,92.46409461031408,2.0465000000000002e-07,-2.193965e-07,20000,short_voice
shortvoice11.wav,6,2162.050212231738,0.010396058807556539,359.7360254470693,1.7050000000000007e-08,-2.575125e-07,20000,short_voice
shortvoice11.wav,7,3548.918342247736,0.002598813079399558,814.1289321593422,-7.285000000000002e-08,-4.467999999999998e-08,20000,short_voice
shortvoice11.wav,8,5731.422682237255,0.0022110162916989915,647.2299456943367,1.6434999999999996e-07,-2.5760000000000105e-09,20000,short_voice
shortvoice11.wav,9,8890.971935209862,0.0011244232484199914,1212.9585126594548,-1.9065000000000003e-07,-2.2329250000000003e-07,20000,short_voice
shortvoice3.wav,0,1.2937940469981544,0.5003322889964872,1.7740434823886833,2.98645e-06,1.5651705000000002e-06,20000,short_voice
shortvoice3.wav,1,1.5991160852431374,0.4432573599240266,2.0125356125356126,2.98645e-06,1.3571445e-06,20000,short_voice
shortvoice3.wav,2,2.541801313634961,0.44127978733504225,2.0515997341688026,2.9675e-06,1.4382114999999998e-06,20000,short_voice
shortvoice3.wav,3,152.48273005895533,0.21211545765286746,14.22830421572351,1.5709999999999999e-06,6.97925e-07,20000,short_voice
shortvoice3.wav,4,988.7494392269184,0.03689809098679837,122.98475638712128,1.8780000000000003e-07,-3.05825e-08,20000,short_voice
shortvoice3.wav,5,2193.274427461156,0.01566951566951567,104.34553656220322,1.2330000000000005e-07,8.482899999999998e-08,20000,short_voice
shortvoice3.wav,6,3383.437751957287,0.008451640472912017,178.6301695076207,1.1950000000000008e-07,5.141299999999998e-08,20000,short_voice
shortvoice3.wav,7,4666.432481475428,0.004937802677808375,294.00185167600415,-1.4799999999999995e-07,-1.4224250000000002e-07,20000,short_voice
shortvoice3.wav,8,6425.759638570723,0.0023259125646746094,521.3211183367351,-1.6509999999999996e-07,-2.1848000000000005e-08,20000,short_voice
shortvoice3.wav,9,7992.948554847594,0.0019456176149575287,773.0547620177479,-1.2335000000000003e-07,-1.0035600000000002e-07,20000,short_voice
shortvoice7.wav,0,5.198760447420867,0.4190992322535616,2.4106827606027017,2.6038e-06,1.2349015000000002e-06,20000,short_voice
shortvoice7.wav,1,6.49313467530564,0.3543882705655263,2.707215902090435,2.6660999999999998e-06,1.1825695e-06,20000,short_voice
shortvoice7.wav,2,6.934216872509608,0.3455411397602233,2.7181392675316145,2.8891e-06,1.259561e-06,20000,short_voice
shortvoice7.wav,3,7.442929337762717,0.3442017082785808,2.792008869908016,2.73335e-06,1.2225795000000001e-06,20000,short_voice
shortvoice7.wav,4,8.308754243534016,0.3409006937887434,2.8565622562502564,2.5217999999999997e-06,1.0690020000000001e-06,20000,short_voice
shortvoice7.wav,5,18.129124498208277,0.24977442375522926,4.434008694938889,1.8888999999999996e-06,5.946105e-07,20000,short_voice
shortvoice7.wav,6,205.64365940896698,0.049786745406824144,30.293430118110237,5.034e-07,7.776450000000005e-08,20000,short_voice
shortvoice7.wav,7,445.86141173960715,0.011526786446796292,75.88608581507917,-3.6565000000000015e-07,-8.440799999999997e-08,20000,short_voice
shortvoice7.wav,8,643.0414588955839,0.006728481168458193,130.03491425289243,-8.067000000000001e-07,-2.8944549999999997e-07,20000,short_voice
shortvoice7.wav,9,941.8064127857942,0.0040190288713910765,182.47092355643045,-9.182000000000001e-07,-1.5781049999999997e-07,20000,short_voice
shortvoice8.wav,0,34.60815987910466,0.2330487010637528,5.1618423909110644,1.4265e-06,4.909075e-07,20000,short_voice
shortvoice8.wav,1,124.42255118124994,0.07739086367914284,32.39176862376023,5.077999999999999e-07,2.6567e-07,20000,short_voice
shortvoice8.wav,2,463.0361843565734,0.025059752299558195,127.52491489824003,1.0705000000000002e-07,8.862599999999999e-08,20000,short_voice
shortvoice8.wav,3,892.8394032659161,0.020278833967046894,220.23067173637517,2.5605e-07,1.6874999999999984e-08,20000,short_voice
shortvoice8.wav,4,1335.1692606124711,0.01426812486419932,387.44462953574276,1.36e-07,-4.9062499999999993e-08,20000,short_voice
shortvoice8.wav,5,1920.0902678618895,0.009344440420137632,588.7128938790294,1.2294999999999997e-07,3.488749999999998e-08,20000,short_voice
shortvoice8.wav,6,2537.0114468613942,0.007967261796979683,462.89686017455546,-4.1950000000000015e-08,1.0292499999999998e-07,20000,short_voice
shortvoice8.wav,7,3499.1601455512787,0.005394836887649806,719.1458054238025,-3.7325000000000004e-07,-1.2788800000000001e-07,20000,short_voice
shortvoice8.wav,8,4948.460626366384,0.0028959276018099547,1365.6053936651583,-1.9675e-07,-9.354850000000001e-08,20000,short_voice
shortvoice8.wav,9,7371.826105779554,0.001954185213331886,2771.1410632215106,1.3020000000000001e-07,-2.0236000000000017e-08,20000,short_voice
speech1.wav,0,55.48541942817361,0.1092718911935094,9.4473541629041,7.09e-08,2.1085499999999997e-08,20000,speech
speech1.wav,1,71.22264743773583,0.09073600533659458,10.944132525432208,4.305e-08,1.1347999999999998e-08,20000,speech
speech1.wav,2,91.85779524575844,0.06944122796453947,15.32451528934424,3.315000000000001e-08,1.0303000000000001e-08,20000,speech
speech1.wav,3,137.54615420586035,0.04175147797453229,28.31020445024905,3.5449999999999996e-08,8.973500000000001e-09,20000,speech
speech1.wav,4,231.42170812943505,0.024560208987577468,53.04163540190275,1.910000000000001e-08,6.171999999999998e-09,20000,speech
speech1.wav,5,391.1654926636464,0.015242242787152967,94.72024693359896,3.26e-08,1.1633e-08,20000,speech
speech1.wav,6,708.3243095032066,0.009135974056057447,170.79936761640027,3.695e-08,2.4449999999999985e-09,20000,speech
speech1.wav,7,1301.4780316805297,0.004118410080607801,355.10319651626054,9.200000000000006e-09,2.658499999999999e-09,20000,speech
speech1.wav,8,2320.4882887498175,0.001868894827769878,692.8606411212443,-1.685e-08,-8.305000000000009e-10,20000,speech
speech1.wav,9,3836.9515561697294,0.0008958229650119791,1168.3206560109259,3.1000000000000006e-08,8.356500000000001e-09,20000,speech
speech10.wav,0,10.890693330406886,0.3136080598894564,3.134331490939621,5.025e-07,5.819450000000002e-08,20000,speech
speech10.wav,1,80.42743755882609,0.1845527203504892,13.25708606861414,2.8205e-07,-2.435e-08,20000,speech
speech10.wav,2,467.98500324506176,0.034742546666479954,136.67178725966588,1.29e-08,-3.76745e-08,20000,speech
speech10.wav,3,1321.4018648730153,0.010785522187359928,604.0796027566114,-6.149999999999992e-09,9.699500000000012e-09,20000,speech
speech10.wav,4,2270.369648685565,0.005897680152415107,865.7624537711532,-1.2255e-07,-4.042949999999999e-08,20000,speech
speech10.wav,5,3295.6760200982653,0.004818332072723198,793.5371599854329,-1.1199999999999991e-08,-1.1585999999999997e-08,20000,speech
speech10.wav,6,4348.767666803599,0.003964584909360904,394.6892633997366,1.3450000000000006e-08,1.534400000000001e-08,20000,speech
speech10.wav,7,5289.561797688348,0.003726273026546193,414.2961686628844,-1.1640000000000001e-07,-6.016049999999999e-08,20000,speech
speech10.wav,8,6323.792604610323,0.003081707265825267,459.26770230707814,4.3100000000000015e-08,9.844500000000017e-09,20000,speech
speech10.wav,9,8113.362251717588,0.0016942033043965275,622.742019042285,-2.5700000000000005e-08,6.9495000000000145e-09,20000,speech
speech11.wav,0,251.79421044147614,0.023741531485330238,68.28934114281087,-7.185e-08,-2.1305e-08,20000,speech
speech11.wav,1,432.1604772197699,0.008964008964008964,162.85932445932445,-2.565e-08,-2.432500000000001e-09,20000,speech
speech11.wav,2,894.1499782174418,0.00616310348180237,338.9379260427582,-7.75000000000001e-09,-1.7295000000000017e-09,20000,speech
speech11.wav,3,1670.157426440257,0.004240927925835085,663.5262370273526,5.849999999999996e-09,3.1885e-09,20000,speech
speech11.wav,4,2554.508941801053,0.002765982734217151,1092.166904368308,-5.05e-08,-1.0974500000000002e-08,20000,speech
speech11.wav,5,3880.844771454889,0.0023229054685516416,1023.5293307331198,-3.0849999999999995e-08,-1.30295e-08,20000,speech
speech11.wav,6,5626.77586603203,0.001836785409441077,735.3355050619645,6.020000000000001e-08,2.15565e-08,20000,speech
speech11.wav,7,7323.01419447772,0.0011722759440332775,962.034628058992,-1.9499999999999984e-09,-6.702999999999999e-09,20000,speech
speech11.wav,8,9249.737889714655,0.0009452970123212714,1223.2591248170174,9.500000000000004e-09,-5.243499999999998e-09,20000,speech
speech11.wav,9,12730.673906983782,0.0006155341378472504,1690.479749466807,-7.529999999999999e-08,-2.5470500000000003e-08,20000,speech
speech2.wav,0,51.59332119725771,0.48320254640572313,10.43414956982131,1.3322000000000001e-06,8.675604999999999e-07,20000,speech
speech2.wav,1,240.84633800276183,0.02737091052424123,54.972644856129286,-7.94e-08,-1.6726499999999998e-08,20000,speech
speech2.wav,2,400.415174339342,0.018497200977686666,84.30286209887251,-5.669999999999998e-08,2.8450000000000012e-09,20000,speech
speech2.wav,3,593.303360039817,0.012539036623450364,149.21874704268004,1.7050000000000007e-08,-7.617e-09,20000,speech
speech2.wav,4,824.6592136592378,0.010901288907820215,174.08118383895751,3.780000000000003e-08,1.8700500000000003e-08,20000,speech
speech2.wav,5,1040.4075271144918,0.011216457114010318,163.0234267775166,-1.3294999999999998e-07,4.138500000000001e-09,20000,speech
speech2.wav,6,1223.992928579782,0.011831145885916204,143.2593071680969,-6.614999999999998e-08,1.1141500000000001e-08,20000,speech
speech2.wav,7,1410.7248159481285,0.009292419342115643,256.09934527096317,-7.94e-08,-1.3910499999999999e-08,20000,speech
speech2.wav,8,1633.5722277397047,0.0067824413634284455,327.5405763497847,2.2050000000000022e-08,4.965000000000004e-10,20000,speech
speech2.wav,9,2073.188071937018,0.005076142131979695,374.15843238641736,-4.219999999999996e-08,-2.0537e-08,20000,speech
speech3.wav,0,0.0,1.0,0.0,2.1969499999999998e-06,1.3321415e-06,20000,speech
speech3.wav,1,22.301197821304754,0.590590828813708,5.504408983303481,1.2184e-06,6.847615e-07,20000,speech
speech3.wav,2,327.2922935682879,0.04074343292560658,114.23872694004412,1.076e-07,1.67865e-08,20000,speech
speech3.wav,3,952.6464154544777,0.013775382301328654,304.18522812735023,1.1500000000000009e-08,-4.3255e-09,20000,speech
speech3.wav,4,1517.990145372612,0.007245922601511866,521.8182501974451,-5.5599999999999995e-08,1.2889999999999998e-08,20000,speech
speech3.wav,5,2077.8687354173453,0.00490097768864377,640.2073953371772,-2.800000000000003e-09,-6.115499999999999e-09,20000,speech
speech3.wav,6,2582.0409143852808,0.004312181913906787,457.10612480256725,2.025e-08,8.056e-09,20000,speech
speech3.wav,7,2963.923988856371,0.0034283493782591257,465.9167356097072,4.750000000000002e-09,-2.0134999999999997e-09,20000,speech
speech3.wav,8,3358.1856520690976,0.003283660654977503,440.79586785145824,8.51e-08,8.205500000000002e-09,20000,speech
speech3.wav,9,4209.142936645586,0.0023927490933234783,548.7235247323816,-8.050000000000006e-09,2.2832e-08,20000,speech
speech4.wav,0,124.06059803866914,0.041455099996238816,39.01897346996694,6.15e-08,2.8336000000000003e-08,20000,speech
speech4.wav,1,192.3458676884256,0.020295000992002408,50.893034774815455,9.000000000000001e-09,9.1665e-09,20000,speech
speech4.wav,2,287.84154312588487,0.014893922704851301,75.35007217771454,1.3500000000000003e-08,-1.4464999999999997e-09,20000,speech
speech4.wav,3,507.40737093478754,0.009451065168908288,148.19856472423277,4.500000000000001e-09,4.7895000000000005e-09,20000,speech
speech4.wav,4,825.1708432335153,0.006934324048796842,223.80820624397052,-1.6949999999999996e-08,3.6165000000000005e-09,20000,speech
speech4.wav,5,1257.1965619327939,0.005549226290058264,277.16453353313284,-2.83e-08,-1.2744999999999997e-09,20000,speech
speech4.wav,6,1827.713010663912,0.00465297687881048,348.3286404412117,-5.649999999999996e-09,-1.8945e-09,20000,speech
speech4.wav,7,2546.325118282797,0.0033014704372994314,423.0191553709621,1.8300000000000002e-08,1.4815000000000003e-09,20000,speech
speech4.wav,8,3359.2493769923053,0.0022918676326717704,582.579004440066,-1.615e-08,2.5485e-09,20000,speech
speech4.wav,9,5097.594556592656,0.0015763378355274406,773.6926654128911,1.1750000000000004e-08,4.755e-09,20000,speech
speech5.wav,0,26.239550452229714,0.15212191518385146,8.956144693039302,1.0894999999999998e-07,4.3572999999999996e-08,20000,speech
speech5.wav,1,124.01927874802432,0.05758196566400314,32.07923284523098,3.550000000000003e-08,1.3509500000000011e-08,20000,speech
speech5.wav,2,449.99974152702504,0.019046610890366678,153.30775890423388,5.6650000000000014e-08,2.2570999999999994e-08,20000,speech
speech5.wav,3,964.6779902593255,0.01562299135668968,265.98839618575175,6.800000000000035e-09,1.6255000000000066e-09,20000,speech
speech5.wav,4,1558.1944110414872,0.014088501196728564,235.24068801494303,1.0900000000000015e-08,1.2770000000000056e-09,20000,speech
speech5.wav,5,2021.0311000306644,0.011774581423839556,228.80125761906922,-3.774999999999998e-08,-5.223499999999998e-09,20000,speech
speech5.wav,6,2362.5746113633663,0.009805478664670025,240.38570737093676,-1.8899999999999994e-08,-1.7799999999999999e-09,20000,speech
speech5.wav,7,2650.751687859175,0.00796369824163358,285.0519152958971,2.3000000000000016e-09,3.870000000000002e-10,20000,speech
speech5.wav,8,2962.3699854206634,0.007064037695036266,313.84299533349974,-3.414999999999998e-08,-3.404999999999999e-09,20000,speech
speech5.wav,9,3614.043989985818,0.0055228360386787535,629.6423613998745,1.1650000000000028e-08,5.341000000000005e-09,20000,speech
speech6.wav,0,0.0,1.0,0.0,1.24355e-06,8.778444999999999e-07,20000,speech
speech6.wav,1,0.6221197448073316,0.9887159027453405,0.16636404822696033,1.0867e-06,7.22847e-07,20000,speech
speech6.wav,2,30.714507055651538,0.40447318687340605,5.615310846793174,3.0659999999999995e-07,1.608365e-07,20000,speech
speech6.wav,3,157.56598004329382,0.10374719768365274,26.733584926876233,8.074999999999999e-08,5.110650000000001e-08,20000,speech
speech6.wav,4,315.2109408753978,0.048160123712789514,58.161568200189784,-2.32e-08,6.0135e-09,20000,speech
speech6.wav,5,511.5102459482682,0.033560986583338316,81.73677754071221,1.43e-08,2.5681e-08,20000,speech
speech6.wav,6,757.2707118075839,0.026845873475025747,79.66043027910851,-9.849999999999999e-09,1.1103000000000002e-08,20000,speech
speech6.wav,7,1125.8631462496242,0.020703591762142405,85.39105573908765,-1.01e-08,1.3092500000000005e-08,20000,speech
speech6.wav,8,1669.9851053772334,0.01162435210401476,126.72415707634191,-1.88e-08,9.714999999999984e-10,20000,speech
speech6.wav,9,3081.186461922656,0.005556921563806245,221.2680459447118,1.9499999999999984e-09,9.298499999999997e-09,20000,speech
speech7.wav,0,55.12677644376116,0.05112316034082107,23.89641874186265,1.299999999999999e-09,-2.4138e-08,20000,speech
speech7.wav,1,116.36486757889446,0.02813661882424712,40.15104574570696,-2.9350000000000005e-08,-1.7085e-08,20000,speech
speech7.wav,2,455.3183617065038,0.008617490619717148,154.31148311549086,1.8449999999999993e-08,-1.9988999999999998e-08,20000,speech
speech7.wav,3,749.6528067265965,0.004907297439957772,294.9950762074426,2.765e-08,6.051500000000003e-09,20000,speech
speech7.wav,4,902.1389641817888,0.0031258247558722616,401.3377292821325,9.254999999999999e-08,2.5853999999999998e-08,20000,speech
speech7.wav,5,1030.656988093542,0.0029032603944145227,411.1241638692543,-2.2100000000000003e-08,-2.2976e-08,20000,speech
speech7.wav,6,1191.3843167288048,0.0034142077223770803,396.8379735770011,-2.1750000000000003e-08,-1.7251e-08,20000,speech
speech7.wav,7,1467.742912811037,0.0031917262538040925,362.55837889996786,7.244999999999999e-08,3.62875e-08,20000,speech
speech7.wav,8,1867.6899567320145,0.0034471668082369142,366.17931040170214,6.455e-08,2.2623500000000004e-08,20000,speech
speech7.wav,9,2581.866809335794,0.0025630882328701644,406.4150554648997,3.885e-08,-2.29765e-08,20000,speech
speech8.wav,0,0.9503867000921737,0.9934563185875774,0.1096080395372643,1.4043000000000003e-06,1.1499890000000001e-06,20000,speech
speech8.wav,1,3.4361422486287716,0.9112632871117081,0.6304655374571317,1.0062500000000001e-06,8.298770000000001e-07,20000,speech
speech8.wav,2,51.648001771266316,0.4718569203076059,9.791810019762085,2.5655e-07,3.12532e-07,20000,speech
speech8.wav,3,418.6717931764204,0.08383625911323539,108.62394000132156,-9.155000000000001e-08,3.0842000000000006e-08,20000,speech
speech8.wav,4,1025.3045739762688,0.02452403112729035,248.87265457629545,-2.1999999999999992e-08,-6.334999999999999e-10,20000,speech
speech8.wav,5,1612.7364397017864,0.015080165011593772,323.9950155042602,-5.6099999999999986e-08,3.2250999999999995e-08,20000,speech
speech8.wav,6,2194.1960973393043,0.010675392064515062,369.75128760211305,-3.454999999999999e-08,-7.881499999999998e-09,20000,speech
speech8.wav,7,2793.9690297310553,0.00876801656670467,267.48227946400544,-9.635e-08,4.239850000000001e-08,20000,speech
speech8.wav,8,3485.9037938273996,0.007604499925662021,234.7840013656162,-4.794999999999999e-08,2.34455e-08,20000,speech
speech8.wav,9,4713.89484335605,0.0044142577221989825,305.19659408643577,-5.72e-08,4.645000000000002e-09,20000,speech
speech9.wav,0,5.588056770501561,0.33229539203620956,2.8636690261247346,3.4475000000000007e-07,2.1173699999999999e-07,20000,speech
speech9.wav,1,14.755242473369206,0.2971349734811559,3.6388315185962363,2.9525e-07,1.69795e-07,20000,speech
speech9.wav,2,119.56101338763116,0.1234104786535236,32.053707024052486,8.06e-08,9.74145e-08,20000,speech
speech9.wav,3,723.5892651988979,0.022737792177736634,313.0118358845505,-6.605e-08,1.0301e-08,20000,speech
speech9.wav,4,1744.0280689386989,0.008216369918497578,931.8966919605217,3.1400000000000016e-08,4.2730000000000004e-09,20000,speech
speech9.wav,5,2812.128298144444,0.005703940679016938,915.5106845555473,-1.3499999999999992e-08,5.761e-09,20000,speech
speech9.wav,6,3878.6240577528597,0.00486082981308952,512.3765324427324,-4.3899999999999996e-08,-3.753e-09,20000,speech
speech9.wav,7,5094.541200490241,0.003140911194868743,500.9507042253521,7e-08,1.29945e-08,20000,speech
speech9.wav,8,6456.622483007043,0.0022151689479600607,503.3034946769821,-1.944999999999999e-08,1.3965000000000005e-09,20000,speech
speech9.wav,9,8877.684701913273,0.0015367201764749621,776.1610416649454,-4.025e-08,3.5373e-08,20000,speech
